cik,reporting_for,AccountsPayableAndAccruedLiabilitiesCurrent,AccretionExpense,AdditionalPaidInCapital,AdjustmentsToAdditionalPaidInCapitalOther,AmortizationOfDebtDiscountPremium,AmortizationOfFinancingCosts,Assets,AssetsCurrent,Cash,CashAndCashEquivalentsPeriodIncreaseDecrease,CommonStockParOrStatedValuePerShare,CommonStockSharesAuthorized,CommonStockSharesIssued,CommonStockSharesOutstanding,CommonStockSharesSubscriptions,CommonStockValue,DeferredFinanceCostsCurrentNet,Depreciation,DepreciationAndAmortization,DerivativeGainLossOnDerivativeNet,DerivativeLiabilitiesCurrent,DerivativeLiabilitiesNoncurrent,DevelopmentStageEnterpriseDeficitAccumulatedDuringDevelopmentStage,DueToRelatedPartiesCurrent,DueToRelatedPartiesNoncurrent,EarningsPerShareBasicAndDiluted,ForeignCurrencyTransactionGainLossBeforeTax,ForeignCurrencyTransactionGainLossUnrealized,GainLossOnDerivativeInstrumentsNetPretax,GainLossOnInvestments,GainLossOnSaleOfDerivatives,GainsLossesOnExtinguishmentOfDebt,GeneralAndAdministrativeExpense,ImpairmentOfInvestments,ImpairmentOfLongLivedAssetsHeldForUse,ImpairmentOfRealEstate,IncreaseDecreaseInAccountsPayableAndAccruedLiabilities,IncreaseDecreaseInDueToRelatedParties,IncreaseDecreaseInPrepaidExpense,InterestExpense,Liabilities,LiabilitiesAndStockholdersEquity,LiabilitiesCurrent,NetCashProvidedByUsedInFinancingActivities,NetCashProvidedByUsedInInvestingActivities,NetCashProvidedByUsedInOperatingActivities,NetIncomeLoss,NonoperatingIncomeExpense,OperatingExpenses,OperatingIncomeLoss,OtherAssetImpairmentCharges,OtherThanTemporaryImpairmentLossesInvestmentsPortionRecognizedInEarningsNet,PaymentsForProceedsFromInvestments,PaymentsForRepurchaseOfPreferredStockAndPreferenceStock,PaymentsOfFinancingCosts,PaymentsOfStockIssuanceCosts,PaymentsToAcquireMineralRights,PaymentsToAcquirePropertyPlantAndEquipment,PreferredStockParOrStatedValuePerShare,PreferredStockSharesAuthorized,PreferredStockSharesIssued,PreferredStockSharesOutstanding,PreferredStockValue,PrepaidExpenseCurrent,ProceedsFromConvertibleDebt,ProceedsFromIssuanceOfCommonStock,ProceedsFromNotesPayable,ProceedsFromPaymentsForOtherFinancingActivities,ProceedsFromRelatedPartyDebt,RepaymentsOfConvertibleDebt,RepaymentsOfNotesPayable,RepaymentsOfRelatedPartyDebt,Revenues,ShareBasedCompensation,StockIssuedDuringPeriodValueIssuedForNoncashConsiderations,StockholdersEquity,WeightedAverageNumberOfDilutedSharesOutstanding
1112706,2012,136134.0,0.0,22279275.0,24387.0,0.0,0.0,772520.0,772520.0,718907.0,-508057.0,0.0,131666666.0,68696934.0,68696934.0,0.0,687.0,0.0,0.0,0.0,657267.0,8407.0,0.0,22435613.0,586426.0,197204.0,-0.01,-59198.0,9370.0,657267.0,0.0,0.0,0.0,713313.0,0.0,0.0,0.0,-78136.0,123788.0,9922.0,30009.0,928171.0,772520.0,730967.0,646512.0,0.0,-1154569.0,-597845.0,652691.0,1250536.0,-1250536.0,0.0,0.0,0.0,15000.0,0.0,200955.0,0.0,0.0,0.0,100000000.0,0.0,0.0,0.0,53613.0,0.0,801502.0,0.0,60965.0,0.0,0.0,0.0,0.0,0.0,0.0,-48750.0,-155651.0,68423000.0
1112706,2013,61754.0,0.0,23018149.0,,0.0,0.0,44117.0,,38923.0,-679984.0,0.0,131666666.0,68696934.0,68696934.0,,687.0,,0.0,0.0,8407.0,0.0,,23041229.0,4756.0,0.0,-0.01,8925.0,0.0,8407.0,0.0,124700.0,0.0,537022.0,-19018.0,0.0,0.0,-175150.0,-20342.0,-48419.0,22549.0,66510.0,44117.0,66510.0,-19658.0,19018.0,-679344.0,-605616.0,230346.0,835962.0,-835962.0,0.0,-19018.0,-19018.0,0.0,0.0,0.0,0.0,0.0,0.0,100000000.0,,,0.0,5194.0,0.0,0.0,0.0,0.0,0.0,0.0,0.0,19658.0,0.0,0.0,,-22393.0,68696934.0
1112706,2011,188837.0,0.0,21620854.0,,0.0,0.0,1331620.0,1270655.0,1226964.0,974046.0,0.0,131666666.0,65375721.0,65375721.0,300000.0,654.0,60965.0,0.0,0.0,7024.0,0.0,389826.0,21837768.0,591428.0,77784.0,-0.01,-41050.0,-5929.0,7024.0,0.0,,0.0,395371.0,0.0,0.0,0.0,43894.0,171063.0,40340.0,17490.0,1247875.0,1331620.0,780265.0,1652805.0,0.0,-678759.0,-852281.0,-10466.0,841815.0,-841815.0,0.0,0.0,0.0,0.0,0.0,44477.0,0.0,0.0,0.0,100000000.0,500000.0,500000.0,5.0,43691.0,0.0,1558607.0,0.0,-60965.0,199640.0,0.0,0.0,,0.0,0.0,0.0,83745.0,62393000.0
1112706,2000,,,,,,,,,0.0,,,,,,,,,,,,,,,,,,,,,,,,,,,,,,,,,,,,,,-290820.0,,,,,,,,,,,,,,,,,,,,,,,,,,,,,-15820.0,
1112706,2010,,,,,,,,,252918.0,,,,,,,,,,,,,,,,,,,,,,,,,,,,,,,,,,,,,,-1057272.0,,,,,,,,,,,,,,,,,,,,,,,,,,,,,-181254.0,
1112706,2001,,,,,,,,,,,,,,,,,,,,,,,,,,,,,,,,,,,,,,,,,,,,,,,-11766.0,,,,,,,,,,,,,,,,,,,,,,,,,,,,,-27586.0,
1112706,2002,,,,,,,,,,,,,,,,,,,,,,,,,,,,,,,,,,,,,,,,,,,,,,,-43817.0,,,,,,,,,,,,,,,,,,,,,,,,,,,,,2998.0,
1112706,2003,,,,,,,,,,,,,,,,,,,,,,,,,,,,,,,,,,,,,,,,,,,,,,,-17713.0,,,,,,,,,,,,,,,,,,,,,,,,,,,,,-14715.0,
1112706,2004,,,,,,,,,,,,,,,,,,,,,,,,,,,,,,,,,,,,,,,,,,,,,,,-1601036.0,,,,,,,,,,,,,,,,,,,,,,,,,,,,,231375.0,
1112706,2005,,,,,,,,,,,,,,,,,,,,,,,,,,,,,,,,,,,,,,,,,,,,,,,-4025401.0,,,,,,,,,,,,,,,,,,,,,,,,,,,,,-101769.0,
1112706,2006,,,,,,,,,,,,,,,,,,,,,,,,,,,,,,,,,,,,,,,,,,,,,,,-7692137.0,,,,,,,,,,,,,,,,,,,,,,,,,,,,,-488832.0,
1112706,2007,,,,,,,,,,,,,,,,,,,,,,,,,,,,,,,,,,,,,,,,,,,,,,,-2177278.0,,,,,,,,,,,,,,,,,,,,,,,,,,,,,-1089877.0,
1112706,2008,,,,,,,,,,,,,,,,,,,,,,,,,,,,,,,,,,,,,,,,,,,,,,,-1216504.0,,,,,,,,,,,,,,,,,,,,,,,,,,,,,-1427449.0,
1112706,2009,,,,,,,,,,,,,,,,,,,,,,,,,,,,,,,,,,,,,,,,,,,,,,,-2851743.0,,,,,,,,,,,,,,,,,,,,,,,,,,,,,-111596.0,
