cik,reporting_for,AccountsPayableAndAccruedLiabilitiesCurrent,AccountsPayableRelatedPartiesCurrent,AdditionalPaidInCapital,Assets,Cash,CashAndCashEquivalentsPeriodIncreaseDecrease,CommonStockParOrStatedValuePerShare,CommonStockSharesAuthorized,CommonStockSharesIssued,CommonStockSharesOutstanding,CommonStockValue,DeferredTaxAssetsNet,DeferredTaxAssetsNetCurrent,DeferredTaxAssetsOperatingLossCarryforwards,DeferredTaxAssetsValuationAllowance,DueToOfficersOrStockholdersCurrent,DueToRelatedPartiesCurrent,EarningsPerShareBasicAndDiluted,EffectiveIncomeTaxRateReconciliationTaxSettlementsOther,ForeignCurrencyTransactionGainLossBeforeTax,ForeignCurrencyTransactionGainLossUnrealized,GeneralAndAdministrativeExpense,IncomeTaxExpenseBenefit,IncomeTaxReconciliationIncomeTaxExpenseBenefitAtFederalStatutoryIncomeTaxRate,IncomeTaxReconciliationNondeductibleExpense,IncomeTaxesPaid,IncreaseDecreaseInAccountsPayableAndAccruedLiabilities,IncreaseDecreaseInAccountsPayableRelatedParties,IncreaseDecreaseInDueToRelatedParties,InterestPaid,LeaseAndRentalExpense,LiabilitiesAndStockholdersEquity,LiabilitiesCurrent,NetCashProvidedByUsedInFinancingActivities,NetCashProvidedByUsedInOperatingActivities,NetIncomeLoss,OperatingLossCarryforwards,OperatingLossCarryforwardsValuationAllowance,ProfessionalFees,RetainedEarningsAccumulatedDeficit,StockholdersEquity,UnrecognizedTaxBenefitsIncomeTaxPenaltiesAndInterestExpense,WeightedAverageNumberOfDilutedSharesOutstanding,ProceedsFromRelatedPartyDebt,DevelopmentStageEnterpriseDeficitAccumulatedDuringDevelopmentStage,CommitmentsAndContingencies,ImpairmentOfIntangibleAssetsFinitelived,NetCashProvidedByUsedInInvestingActivities,OperatingIncomeLoss,PaymentsToAcquireIntangibleAssets,ProceedsFromIssuanceOfCommonStock,ResearchAndDevelopmentExpenseSoftwareExcludingAcquiredInProcessCost,EarningsPerShareDiluted
1129096,2018,14355.0,36000.0,1183132.0,511.0,511.0,348.0,0.001,100000000.0,15128332.0,15128332.0,15128.0,0.0,0.0,341084.0,341084.0,341473.0,341473.0,-0.01,0.2645,2705.0,1517.0,9729.0,0.0,-25170.0,15870.0,0.0,-3569.0,2400.0,38196.0,0.0,2400.0,511.0,391828.0,38196.0,-37848.0,-95162.0,1289577.0,341084.0,25738.0,-1589577.0,-391317.0,9300.0,15128332.0,,,,,,,,,,
1129096,2019,19217.0,38400.0,1243132.0,4421.0,4421.0,3910.0,0.001,100000000.0,15128332.0,15128332.0,15128.0,0.0,,278624.0,,375325.0,375325.0,-0.01,,633.0,-633.0,9961.0,0.0,-20413.0,12600.0,0.0,4401.0,2400.0,33680.0,4.0,2400.0,4421.0,432942.0,33680.0,-29770.0,-97204.0,1326781.0,278624.0,25476.0,-1686781.0,-428521.0,7813.0,15128332.0,500.0,,,,,,,,,
1129096,2017,17924.0,33600.0,1123132.0,163.0,163.0,-1392.0,0.001,100000000.0,15128332.0,15128332.0,15128.0,0.0,0.0,426501.0,426501.0,304794.0,304794.0,-0.01,,-3076.0,-3694.0,9516.0,0.0,-34083.0,20400.0,0.0,4184.0,2400.0,28575.0,0.0,2400.0,163.0,356318.0,28575.0,-29967.0,-100245.0,,426501.0,25253.0,-1494415.0,-356155.0,13683.0,15128332.0,,,,,,,,,,
1129096,2016,13740.0,31200.0,1063132.0,1555.0,1555.0,1299.0,0.001,100000000.0,15128332.0,15128332.0,15128.0,,0.0,,412818.0,,272525.0,-0.01,,-201.0,-930.0,9839.0,,,,0.0,-4766.0,2400.0,41052.0,0.0,2400.0,1555.0,317465.0,41052.0,-39753.0,-98317.0,,,25877.0,-1394170.0,-315910.0,,15128332.0,,,,,,,,,,
1129096,2015,18506.0,28800.0,1003132.0,256.0,256.0,-1495.0,0.001,100000000.0,15128332.0,15128332.0,15128.0,,0.0,,399790.0,,230543.0,-0.01,,6002.0,2883.0,9749.0,,,,0.0,4397.0,2400.0,27174.0,0.0,2400.0,256.0,277849.0,27174.0,-28669.0,-92583.0,,,26436.0,-1295853.0,-277593.0,,15128332.0,,1295853.0,,,,,,,,
1129096,2014,14109.0,26400.0,943132.0,1751.0,1751.0,1385.0,0.001,100000000.0,15128332.0,15128332.0,15128.0,,0.0,,388712.0,,206252.0,-0.01,,1172.0,0.0,11019.0,,,,0.0,-9397.0,2400.0,43595.0,472.0,2400.0,1751.0,246761.0,43595.0,-42210.0,-95213.0,,,22966.0,,-245010.0,,15128332.0,,1203270.0,0.0,0.0,0.0,-95213.0,0.0,0.0,0.0,
1129096,2013,23506.0,24000.0,883132.0,366.0,366.0,-1034.0,0.001,100000000.0,15128332.0,15128332.0,15128.0,,0.0,,376739.0,,162657.0,-0.01,,2.0,,13339.0,,,,0.0,-40517.0,2400.0,29169.0,959.0,2400.0,366.0,210163.0,94169.0,-95203.0,-117086.0,,,41349.0,,-209797.0,,15018560.0,,1108057.0,0.0,0.0,0.0,-117086.0,0.0,65000.0,0.0,
1129096,2012,64023.0,21600.0,758565.0,1400.0,1400.0,-7722.0,0.001,100000000.0,14694999.0,14694999.0,14695.0,,0.0,,336930.0,,133488.0,-0.01,,-484.0,,9322.0,,,,0.0,12693.0,2400.0,34542.0,0.0,2400.0,1400.0,219111.0,44542.0,-52264.0,-127357.0,,,55151.0,,-217711.0,,14538442.0,,990971.0,,0.0,0.0,-127357.0,0.0,10000.0,0.0,-0.01
1129096,2011,51330.0,19200.0,688665.0,9122.0,9122.0,8197.0,0.001,100000000.0,14594999.0,14594999.0,14595.0,,0.0,,293629.0,,98946.0,,,-11.0,,7793.0,,,,0.0,18836.0,2400.0,22000.0,0.0,2400.0,9122.0,169476.0,32000.0,-23803.0,-105039.0,,,34835.0,,-160354.0,,14501574.0,,863614.0,,0.0,0.0,-105039.0,0.0,10000.0,0.0,-0.01
1129096,2000,,,,,0.0,,,,,,,,,,,,,,,,,,,,,,,,,,,,,,,,,,,,,,,,,,,,,,,,
1129096,2010,,,,,925.0,,,,,,,,,,,,,,,,,,,,,,,,,,,,,,,-97206.0,,,,,-125315.0,,,,,,,,,,,,
1129096,2001,,,,,,,,,,,,,,,,,,,,,,,,,,,,,,,,,,,,-6995.0,,,,,59005.0,,,,,,,,,,,,
1129096,2002,,,,,,,,,,,,,,,,,,,,,,,,,,,,,,,,,,,,-3645.0,,,,,55360.0,,,,,,,,,,,,
1129096,2003,,,,,,,,,,,,,,,,,,,,,,,,,,,,,,,,,,,,-5722.0,,,,,54338.0,,,,,,,,,,,,
1129096,2004,,,,,,,,,,,,,,,,,,,,,,,,,,,,,,,,,,,,-78146.0,,,,,43692.0,,,,,,,,,,,,
1129096,2005,,,,,,,,,,,,,,,,,,,,,,,,,,,,,,,,,,,,-139743.0,,,,,-2091.0,,,,,,,,,,,,
1129096,2006,,,,,,,,,,,,,,,,,,,,,,,,,,,,,,,,,,,,-98821.0,,,,,-38812.0,,,,,,,,,,,,
1129096,2007,,,,,,,,,,,,,,,,,,,,,,,,,,,,,,,,,,,,-122641.0,,,,,-101453.0,,,,,,,,,,,,
1129096,2008,,,,,,,,,,,,,,,,,,,,,,,,,,,,,,,,,,,,-109388.0,,,,,-126841.0,,,,,,,,,,,,
1129096,2009,,,,,,,,,,,,,,,,,,,,,,,,,,,,,,,,,,,,-96268.0,,,,,-118109.0,,,,,,,,,,,,
