cik,reporting_for,AmortizationOfDebtDiscountPremium,Assets,AssetsFairValueDisclosure,AssetsNet,Cash,CashAndCashEquivalentsPeriodIncreaseDecrease,DerivativeAssets,DerivativeAssetsLiabilitiesAtFairValueNet,DerivativeGainLossOnDerivativeNet,DerivativeInstrumentsGainLossRecognizedInIncomeNet,DerivativeLiabilities,DueFromAffiliates,DueToCorrespondentBrokers,FairValueNetDerivativeAssetLiabilityMeasuredOnRecurringBasisWithUnobservableInputs,FinancialInstrumentsOwnedDerivativesAndOtherContractualAgreementsAtFairValue,GainLossOnInvestments,GainLossOnSaleOfDerivatives,IncomeLossAttributableToParent,IncreaseDecreaseDueFromAffiliates,IncreaseDecreaseInBrokerageReceivables,IncreaseDecreaseInFinancialInstrumentsUsedInOperatingActivities,InvestmentIncomeInterest,InvestmentIncomeNet,InvestmentOwnedUnrecognizedUnrealizedAppreciation,InvestmentOwnedUnrecognizedUnrealizedDepreciation,Liabilities,LiabilitiesFairValueDisclosure,ManagementFeeExpense,ManagementFeePayable,NetCashProvidedByUsedInFinancingActivities,NetCashProvidedByUsedInOperatingActivities,NetRealizedOrUnrealizedGainLossOnTradingSecurities,OperatingExpenses,OperatingIncomeLoss,OtherIncome,OtherNonoperatingExpense,PartnersCapitalAccountPeriodIncreaseDecrease,PartnersCapitalAccountRedemptions,PartnersCapitalAccountSaleOfUnits,PaymentsToAcquireMarketableSecurities,ProceedsFromSaleAndMaturityOfMarketableSecurities,PropertyManagementFeePercentFee,ReceivablesFromBrokersDealersAndClearingOrganizations,SalesCommissionsAndFees,SellingExpense,TradingSecuritiesRealizedGainLoss,TradingSecuritiesUnrealizedHoldingGainLoss,UnrealizedGainLossOnDerivativesAndCommodityContracts,FinancialInstrumentsOwnedUSGovernmentAndAgencyObligationsAtFairValue,PaymentsForBrokerageFees,PaymentsForFees,DerivativeCollateralObligationToReturnCash,DerivativeCollateralObligationToReturnSecurities,GrossInvestmentIncomeOperating,InvestmentIncomeInvestmentExpense,NetCashProvidedByUsedInFinancingActivitiesContinuingOperations,NetCashProvidedByUsedInOperatingActivitiesContinuingOperations,PayablesToBrokerDealersAndClearingOrganizations,DerivativeFairValueOfDerivativeAssetAmountNotOffsetAgainstCollateral,DerivativeFairValueOfDerivativeAssetAmountOffsetAgainstCollateral
1168990,2012,-3963.0,36625558.0,1520753.0,34414298.0,18965187.0,17975831.0,1520753.0,1344064.0,-3281521.0,-3281521.0,176689.0,187.0,0.0,0.0,906553.0,-3105122.0,-3281521.0,-7953051.0,187.0,-30313652.0,791680.0,11276.0,-4847929.0,299598.0,176689.0,2211260.0,176689.0,941964.0,56206.0,-21354889.0,39330720.0,-3105122.0,76376.0,13150.0,1874.0,24801.0,29015400.0,22691587.0,1629238.0,19446037.0,37100000.0,0.0185,16139431.0,2036676.0,509169.0,-3281521.0,176399.0,176399.0,,,,,,,,,,,,
1168990,2011,-16041.0,66503104.0,19060665.0,63429698.0,989356.0,-1080586.0,1410665.0,1167665.0,,-78663.0,243000.0,,0.0,,114873.0,-6906112.0,-78663.0,-15432374.0,,-2849471.0,-8622942.0,44362.0,-8526262.0,372011.0,243000.0,3073406.0,243000.0,,,-16188195.0,15107609.0,-6906112.0,129613.0,44362.0,,51129.0,-29635773.0,22962184.0,8758785.0,,,,46453083.0,3456091.0,864072.0,-78663.0,-6827449.0,-6827449.0,17650000.0,-1604501.0,-1598542.0,,,,,,,,,
1168990,2010,-42401.0,99323389.0,,93065471.0,2069942.0,1427884.0,,,,,,,,,8737815.0,23457235.0,16144514.0,15268037.0,,6064445.0,7164054.0,58830.0,-8189198.0,865855.0,198269.0,6257918.0,,,,-4590154.0,6018038.0,,128189.0,,,34178.0,7929628.0,18316575.0,10978166.0,,,,49302554.0,3418467.0,854610.0,,,7312721.0,38347223.0,-2231559.0,-1581025.0,,,,,,,,,
1168990,2016,,10376752.0,,8783260.0,4768586.0,-4850805.0,445455.0,54400.0,,,391055.0,,,0.0,254994.0,-2327411.0,-1984219.0,-3156788.0,,-1355346.0,-39701.0,5791.0,-829377.0,25475.0,34093.0,1593492.0,,248390.0,15439.0,,,-2100247.0,20139.0,,,29583.0,7157480.0,4439736.0,439044.0,,,,5162711.0,537056.0,,-1984219.0,-116028.0,-116028.0,,,,0.0,0.0,5791.0,835168.0,-3151386.0,-1699419.0,0.0,,
1168990,2017,,9122112.0,,8735952.0,5559722.0,791136.0,416250.0,213515.0,,,202735.0,,,0.0,304814.0,2187394.0,2166909.0,1684184.0,,-2016571.0,158065.0,26389.0,-503210.0,,,386160.0,,158625.0,13794.0,,,2326026.0,12861.0,,,21294.0,47308.0,2052534.0,321042.0,,,,3146140.0,342972.0,,2166909.0,159117.0,159117.0,,,,0.0,0.0,32542.0,535752.0,-2745198.0,3536334.0,0.0,,
1168990,2015,,17393674.0,,15940740.0,9619391.0,-3083503.0,1256226.0,170426.0,,,1085800.0,,,0.0,492943.0,597744.0,1146706.0,-831393.0,,-1703538.0,-162867.0,1383.0,-1429137.0,,,1452934.0,,342847.0,25212.0,,,597744.0,27800.0,,,37116.0,4661771.0,4420419.0,590041.0,,,,6518057.0,741291.0,,1146706.0,-548962.0,-548962.0,,,,0.0,0.0,1383.0,1430520.0,-4490955.0,1407452.0,0.0,,
1168990,2014,,22479485.0,1554996.0,20602511.0,12702894.0,711996.0,1554996.0,719392.0,3929625.0,,835604.0,,,0.0,927412.0,3831217.0,3929625.0,1788767.0,,-7852217.0,-432055.0,2539.0,-2042450.0,,,1876974.0,835604.0,441384.0,33459.0,,,3831217.0,35790.0,2555.0,16.0,18775.0,7155840.0,9923216.0,978609.0,,,0.0185,8221595.0,954343.0,66809.0,3929625.0,-98408.0,-98408.0,,,,0.0,0.0,2555.0,2045005.0,-8979587.0,9691583.0,0.0,719392.0,719392.0
1168990,2013,,29757806.0,1693096.0,27758351.0,11990898.0,-6974289.0,1693096.0,817800.0,7218484.0,,875296.0,,,0.0,1125807.0,6692220.0,7218484.0,3657310.0,-187.0,-65619.0,-228287.0,3259.0,-3034910.0,,44.0,1999455.0,875296.0,608211.0,44638.0,-11194862.0,4220573.0,6692220.0,49315.0,3267.0,8.0,19145.0,6655947.0,11566761.0,1253504.0,,,0.0185,16073812.0,1315045.0,328762.0,7218484.0,-526264.0,-526264.0,,,,0.0,0.0,,,-11194862.0,4220573.0,0.0,817800.0,817800.0
1168990,2009,,,,85135843.0,642058.0,,,,,,,,,,,,,,,,,,,,,,,,,,,,,,,,,,,,,,,,,,,,,,,,,,,,,,,
