cik,reporting_for,AccountsPayableCurrent,AccretionExpense,AccruedLiabilitiesCurrent,AdditionalPaidInCapital,AdjustmentForAmortization,Assets,AssetsCurrent,Cash,CashAndCashEquivalentsPeriodIncreaseDecrease,CommonStockParOrStatedValuePerShare,CommonStockSharesAuthorized,CommonStockSharesIssued,CommonStockSharesOutstanding,CommonStockSharesSubscriptions,CommonStockValue,ConvertibleDebtCurrent,DepositsAssetsNoncurrent,DevelopmentStageEnterpriseDeficitAccumulatedDuringDevelopmentStage,DueToRelatedPartiesCurrent,EquityMethodInvestments,ExplorationCosts,ExplorationExpenseMining,ForeignCurrencyTransactionGainLossBeforeTax,GainLossOnSaleOfPropertyPlantEquipment,GainsLossesOnExtinguishmentOfDebt,GeneralAndAdministrativeExpense,IncomeTaxesPaid,IncreaseDecreaseInAccountsPayableAndAccruedLiabilities,IncreaseDecreaseInDueToRelatedParties,IncreaseDecreaseInNotesReceivables,InterestExpenseRelatedParty,InterestPaid,InvestmentIncomeInterest,LiabilitiesAndStockholdersEquity,LiabilitiesCurrent,NetCashProvidedByUsedInFinancingActivities,NetCashProvidedByUsedInInvestingActivities,NetCashProvidedByUsedInOperatingActivities,NetIncomeLoss,NonoperatingIncomeExpense,NotesPayableCurrent,OperatingExpenses,OperatingIncomeLoss,OtherAssetImpairmentCharges,PaymentsForDeposits,PaymentsToAcquireEquityMethodInvestments,PaymentsToAcquirePropertyPlantAndEquipment,PreferredStockParOrStatedValuePerShare,PreferredStockSharesAuthorized,PreferredStockSharesIssued,PreferredStockSharesOutstanding,PreferredStockValue,ProceedsFromConvertibleDebt,ProceedsFromIssuanceOfCommonStock,ProceedsFromNotesPayable,ProceedsFromRelatedPartyDebt,ProvisionForLoanLossesExpensed,RepaymentsOfRelatedPartyDebt,Revenues,ShareBasedCompensation,StockIssued1,StockholdersEquity,WeightedAverageNumberOfDilutedSharesOutstanding,AdjustmentsToAdditionalPaidInCapitalStockIssuedIssuanceCosts,EarningsPerShareDiluted,StockIssuedDuringPeriodValueNewIssues,DebtInstrumentConvertibleBeneficialConversionFeature
1174907,2010,119963.0,4782.0,180092.0,419568.0,0.0,2720.0,2720.0,2720.0,304.0,0.001,200000000.0,33127479.0,25363985.0,0.0,25364.0,459285.0,0.0,1687691.0,33639.0,0.0,0.0,0.0,-6336.0,0.0,133668.0,122613.0,0.0,88778.0,7702.0,0.0,0.0,0.0,0.0,2720.0,1245479.0,87500.0,41637.0,-128833.0,-44914.0,116364.0,452500.0,161278.0,-161278.0,0.0,0.0,0.0,0.0,0.001,100000000.0,0.0,0.0,0.0,0.0,0.0,87500.0,0.0,-51513.0,0.0,0.0,0.0,53532.0,-1242759.0,24375466.0,,,,
1174907,2011,168221.0,715.0,5208.0,1272502.0,0.0,262255.0,54123.0,54123.0,51403.0,0.001,200000000.0,33127479.0,31516763.0,90000.0,33127.0,0.0,200000.0,1428727.0,34424.0,8132.0,0.0,0.0,-1676.0,0.0,457980.0,156356.0,0.0,90957.0,785.0,0.0,0.0,0.0,0.0,262255.0,295353.0,330000.0,-166485.0,-112112.0,258964.0,468793.0,87500.0,209829.0,-209829.0,0.0,200000.0,8132.0,0.0,0.001,100000000.0,0.0,0.0,0.0,0.0,240000.0,0.0,0.0,-41647.0,0.0,0.0,36094.0,584602.0,-33098.0,28153389.0,-10000.0,0.01,250000.0,
1174907,2001,,,,,,,,0.0,,,,,,,,,,,,,,,,,,,,,,,,,,,,,,,-4254.0,,,,,,,,,,,,,,,,,,,,,,,1746.0,,,,,
1174907,2009,,,,,,,,2416.0,,,,,,,,,,,,,,,,,,,,,,,,,,,,,,,-351966.0,,,,,,,,,,,,,,,,,,,,,,,-1278377.0,,,,,
1174907,2007,,,,,,,,,,,,,,,,,,,,,,,,,,,,,,,,,,,,,,,-573579.0,,,,,,,,,,,,,,,,,,,,,,,-468606.0,,,,,174000.0
1174907,2008,,,,,,,,,,,,,,,,,,,,,,,,,,,,,,,,,,,,,,,-517805.0,,,,,,,,,,,,,,,,,,,,,,,-926411.0,,,,,60000.0
1174907,2002,,,,,,,,,,,,,,,,,,,,,,,,,,,,,,,,,,,,,,,-21106.0,,,,,,,,,,,,,,,,,,,,,,,100640.0,,,,,
1174907,2003,,,,,,,,,,,,,,,,,,,,,,,,,,,,,,,,,,,,,,,-42929.0,,,,,,,,,,,,,,,,,,,,,,,57711.0,,,,,
1174907,2004,,,,,,,,,,,,,,,,,,,,,,,,,,,,,,,,,,,,,,,-19057.0,,,,,,,,,,,,,,,,,,,,,,,38654.0,,,,,
1174907,2005,,,,,,,,,,,,,,,,,,,,,,,,,,,,,,,,,,,,,,,-26580.0,,,,,,,,,,,,,,,,,,,,,,,16474.0,,,,,
1174907,2006,,,,,,,,,,,,,,,,,,,,,,,,,,,,,,,,,,,,,,,-85501.0,,,,,,,,,,,,,,,,,,,,,,,-69027.0,,,,,
