cik,reporting_for,AccountsPayableCurrent,AccountsReceivableNetCurrent,AccruedLiabilitiesCurrent,AdditionalPaidInCapital,AllowanceForDoubtfulAccountsReceivableCurrent,AmortizationOfFinancingCosts,Assets,AssetsCurrent,CapitalExpendituresIncurredButNotYetPaid,CashAndCashEquivalentsAtCarryingValue,CashAndCashEquivalentsPeriodIncreaseDecrease,CommonStockParOrStatedValuePerShare,CommonStockSharesAuthorized,CommonStockSharesIssued,CommonStockSharesOutstanding,CommonStockValue,CostsAndExpenses,DeferredRentCreditNoncurrent,DeferredRevenueCurrent,DepreciationAndAmortization,EarningsPerShareBasicAndDiluted,GeneralAndAdministrativeExpense,IncreaseDecreaseInAccountsPayable,IncreaseDecreaseInAccountsReceivable,IncreaseDecreaseInAccruedLiabilities,IncreaseDecreaseInDeferredRevenue,IncreaseDecreaseInInventories,IncreaseDecreaseInOtherCurrentAssets,IncreaseDecreaseInOtherOperatingAssets,IncreaseDecreaseInPrepaidExpense,InterestExpense,InterestPaid,InventoryNet,InventoryWriteDown,IssuanceOfStockAndWarrantsForServicesOrClaims,Liabilities,LiabilitiesAndStockholdersEquity,LiabilitiesCurrent,LongTermNotesPayable,NetCashProvidedByUsedInFinancingActivities,NetCashProvidedByUsedInInvestingActivities,NetCashProvidedByUsedInOperatingActivities,NetIncomeLoss,NetIncomeLossAvailableToCommonStockholdersBasic,NotesPayableCurrent,OperatingIncomeLoss,OtherAssetsCurrent,OtherAssetsNoncurrent,OtherCostAndExpenseOperating,OtherNoncashExpense,OtherNonoperatingIncomeExpense,OtherPreferredStockDividendsAndAdjustments,PaidInKindInterest,PaymentsToAcquirePropertyPlantAndEquipment,PreferredStockParOrStatedValuePerShare,PreferredStockSharesAuthorized,PrepaidExpenseCurrent,ProceedsFromIssuanceOfCommonStock,ProceedsFromIssuanceOfConvertiblePreferredStock,ProceedsFromIssuanceOfDebt,ProceedsFromNotesPayable,PropertyPlantAndEquipmentNet,RepaymentsOfNotesPayable,ResearchAndDevelopmentExpense,RetainedEarningsAccumulatedDeficit,Revenues,SellingAndMarketingExpense,ShareBasedCompensation,StockIssuedDuringPeriodValueShareBasedCompensation,StockholdersEquity,UnrealizedGainLossOnDerivatives,CostOfRevenue,IncreaseDecreaseInRestrictedCash,PaymentsToAcquireAvailableForSaleSecurities,PaymentsToAcquireIntangibleAssets,ProceedsFromSaleAndMaturityOfAvailableForSaleSecurities,ShortTermInvestments
1361103,2010,3066000.0,4943000.0,3102000.0,212458000.0,0.0,410000.0,103160000.0,79020000.0,1696000.0,68918000.0,61153000.0,0.001,300000000.0,25922627.0,25922627.0,26000.0,57042000.0,4316000.0,5739000.0,8018000.0,-13.6,9345000.0,481000.0,3655000.0,788000.0,4437000.0,3774000.0,-119000.0,53000.0,-4055000.0,2827000.0,1198000.0,3980000.0,148000.0,1840000.0,29524000.0,103160000.0,17687000.0,7521000.0,114973000.0,-18802000.0,-35018000.0,-57687000.0,-58092000.0,5780000.0,-47653000.0,78000.0,297000.0,19895000.0,109000.0,-7207000.0,405000.0,1485000.0,18802000.0,0.001,5000000.0,1101000.0,47175000.0,39402000.0,22243000.0,14000000.0,23843000.0,8643000.0,21691000.0,-138848000.0,9389000.0,6111000.0,1751000.0,176000.0,73636000.0,-7211000.0,,,,,,
1361103,2011,5363000.0,6488000.0,5400000.0,293777000.0,44000.0,,130203000.0,95165000.0,1071000.0,77074000.0,8156000.0,0.001,300000000.0,33409638.0,33409638.0,33000.0,88639000.0,3539000.0,10026000.0,11715000.0,-2.4,14039000.0,1226000.0,1589000.0,2417000.0,4287000.0,1074000.0,263000.0,437000.0,40000.0,2732000.0,2191000.0,4121000.0,933000.0,,47589000.0,130203000.0,27888000.0,16162000.0,85812000.0,-27145000.0,-50511000.0,-72348000.0,-72348000.0,7099000.0,-69295000.0,341000.0,1446000.0,,84000.0,-321000.0,,670000.0,20395000.0,0.001,5000000.0,1141000.0,73932000.0,,,20000000.0,33592000.0,9560000.0,32691000.0,-211196000.0,19344000.0,13600000.0,4324000.0,1440000.0,82614000.0,-361000.0,28309000.0,500000.0,52653000.0,250000.0,46653000.0,6000000.0
1361103,2009,,,,,,259000.0,,,2458000.0,7765000.0,1579000.0,,,,,,34208000.0,,,5240000.0,-386.56,4953000.0,1078000.0,1288000.0,288000.0,1302000.0,354000.0,-110000.0,143000.0,4688000.0,3465000.0,1068000.0,,,,,,,,37895000.0,-9654000.0,-26662000.0,-35949000.0,-35949000.0,,-33585000.0,,,5033000.0,31000.0,1101000.0,,2113000.0,9654000.0,,,,,27156000.0,14725000.0,,,3990000.0,22424000.0,,623000.0,1798000.0,1410000.0,4000.0,-77690000.0,1088000.0,,,,,,
1361103,2008,,,,,,,,,,6186000.0,,,,,,,,,,,,,,,,,,,,,,,,,,,,,,,,,,,,,,,,,,,,,,,,,,,,,,,,,,,,-45154000.0,,,,,,,
