cik,reporting_for,AccountsPayableCurrent,AccountsPayableRelatedPartiesCurrent,AccountsReceivableRelatedParties,AccruedLiabilitiesCurrent,AdditionalPaidInCapital,AllowanceForLoanAndLeaseLossesRecoveriesOfBadDebts,Assets,AssetsCurrent,AssetsHeldForSaleCurrent,Cash,CashAndCashEquivalentsAtCarryingValue,CashPeriodIncreaseDecrease,CommonStockParOrStatedValuePerShare,CommonStockSharesAuthorized,CommonStockSharesIssued,CommonStockSharesOutstanding,CommonStockValue,CostOfGoodsSold,DeferredOtherTaxExpenseBenefit,DeferredTaxAssetsNet,DeferredTaxAssetsOperatingLossCarryforwards,DeferredTaxAssetsValuationAllowance,Depreciation,DueToRelatedPartiesCurrent,EarningsPerShareBasicAndDiluted,EffectiveIncomeTaxRateContinuingOperations,GainLossOnDispositionOfAssets,GeneralAndAdministrativeExpense,GrossProfit,IncomeLossFromContinuingOperations,IncomeLossFromContinuingOperationsPerBasicAndDilutedShare,IncomeLossFromDiscontinuedOperationsNetOfTax,IncomeLossFromDiscontinuedOperationsNetOfTaxPerBasicAndDilutedShare,IncreaseDecreaseInAccountsPayable,IncreaseDecreaseInAccountsPayableRelatedParties,IncreaseDecreaseInAccountsReceivable,IncreaseDecreaseInAccruedLiabilities,IncreaseDecreaseInInventories,IncreaseDecreaseInOtherCurrentAssets,IncreaseDecreaseInOtherCurrentLiabilities,InterestAndDebtExpense,InterestPaid,LiabilitiesAndStockholdersEquity,LiabilitiesCurrent,LiabilitiesOfAssetsHeldForSale,LineOfCreditFacilityIncreaseDecreaseForPeriodNet,NetCashProvidedByUsedInFinancingActivities,NetCashProvidedByUsedInInvestingActivities,NetCashProvidedByUsedInOperatingActivities,NetIncomeLoss,NetRegulatoryAssets,OperatingExpenses,OperatingLossCarryforwards,PreferredStockParOrStatedValuePerShare,PreferredStockSharesAuthorized,PreferredStockSharesIssued,PreferredStockSharesOutstanding,PreferredStockValue,ProceedsFromDivestitureOfInterestInConsolidatedSubsidiaries,ProceedsFromLongTermCapitalLeaseObligations,ProceedsFromRelatedPartyDebt,ReductionOfShortTermCapitalLeaseObligations,RepaymentsOfRelatedPartyDebt,RetainedEarningsAccumulatedDeficit,Revenues,SalesReturnsAndAllowancesGoods,StockIssuedDuringPeriodSharesOther,StockIssuedDuringPeriodValueOther,StockholdersEquity,ValuationAllowanceDeferredTaxAssetChangeInAmount,WeightedAverageNumberOfDilutedSharesOutstanding,AccountsReceivableNetCurrent,AccumulatedDepreciationDepletionAndAmortizationPropertyPlantAndEquipment,AdvertisingExpense,CapitalLeaseObligationsCurrent,CapitalLeaseObligationsNoncurrent,CustomerAdvancesAndDeposits,CustomerRefundLiabilityCurrent,DepreciationExpense,DueToOfficersOrStockholdersCurrent,DueToRelatedPartiesNoncurrent,IncomeTaxesPaid,IncreaseDecreaseInPrepaidExpense,InterestExpense,InventoriesPropertyHeldForSaleCurrent,LeaseholdImprovementsGross,Liabilities,LiabilitiesNoncurrent,LinesOfCreditCurrent,MachineryAndEquipmentGross,OperatingIncomeLoss,OtherIncome,PaymentsToAcquirePropertyPlantAndEquipment,PrepaidExpense,PropertyPlantAndEquipmentNet,RepaymentsOfNotesPayable,WeightedAverageNumberOfSharesOutstandingBasic
1393356,2012,0.0,47788.0,47788.0,0.0,192354.0,4300.0,300.0,300.0,0.0,300.0,300.0,-116151.0,0.001,50000000.0,3789000.0,3789000.0,3789.0,0.0,22362.0,0.0,82058.0,-82058.0,8341.0,47788.0,-0.02,25.0,56651.0,62370.0,0.0,-62370.0,-0.01,-27079.0,-0.01,14871.0,29858.0,-59491.0,3410.0,-6787.0,-16539.0,0.0,4300.0,4203.0,300.0,47788.0,0.0,15738.0,-8393.0,-22272.0,-85486.0,-89449.0,-47488.0,62370.0,243631.0,0.001,20000000.0,0.0,0.0,0.0,-22272.0,0.0,0.0,-1112.0,23019.0,-243631.0,0.0,0.0,26000.0,26000.0,-47488.0,0.0,4678262.0,,,,,,,,,,,,,,,,,,,,,,,,,,
1393356,2013,19258.0,65186.0,65186.0,,237204.0,,0.0,0.0,,0.0,0.0,-300.0,0.001,50000000.0,3939000.0,3939000.0,3939.0,0.0,20489.0,0.0,102547.0,-102547.0,0.0,,-0.02,,,81956.0,0.0,-81956.0,-0.02,0.0,0.0,19258.0,17398.0,0.0,0.0,0.0,0.0,,0.0,0.0,0.0,84444.0,,0.0,0.0,0.0,-300.0,-81956.0,-84444.0,81956.0,325587.0,0.001,20000000.0,0.0,0.0,0.0,0.0,,,0.0,0.0,-325587.0,0.0,,,45000.0,-84444.0,0.0,3085849.0,,,,,,,,,,,,,,,,,,,,,,,,,,
1393356,2011,265.0,22047.0,,500.0,287913.0,0.0,366574.0,366574.0,354880.0,116451.0,11694.0,1957.0,0.001,50000000.0,5579000.0,5579000.0,5579.0,0.0,0.0,0.0,59696.0,-59696.0,7259.0,22047.0,0.02,,,53986.0,0.0,-53986.0,-0.01,156922.0,0.03,20020.0,0.0,-3328.0,-35174.0,-31287.0,-5852.0,-33462.0,,2546.0,366574.0,227264.0,204452.0,-22525.0,-27090.0,-63300.0,38167.0,102936.0,,53986.0,154182.0,0.001,20000000.0,0.0,0.0,0.0,-63300.0,63300.0,20000.0,-7668.0,26017.0,-154182.0,0.0,-5455.0,0.0,22500.0,139310.0,-25734.0,5448315.0,91791.0,-17904.0,71713.0,1116.0,0.0,0.0,1400.0,7259.0,40882.0,65317.0,0.0,0.0,-5286.0,88751.0,1406.0,227264.0,65317.0,6978.0,81627.0,108224.0,-5286.0,-63300.0,5852.0,65129.0,-26017.0,5488315.0
1393356,2010,33028.0,22047.0,,73050.0,265563.0,-11167.0,262664.0,253576.0,,,114494.0,,0.001,,5429000.0,5429000.0,5429.0,527146.0,,,85430.0,,4304.0,,0.0,,,319560.0,343710.0,,,,,16381.0,,-38692.0,13645.0,-1778.0,0.0,33462.0,,4401.0,,211895.0,,10568.0,-29852.0,0.0,9387.0,-22071.0,,361380.0,,0.001,,0.0,0.0,,,0.0,0.0,-3336.0,,-257118.0,870856.0,4735.0,0.0,0.0,,,,88463.0,-10645.0,37009.0,3336.0,1116.0,33462.0,6845.0,4811.0,17469.0,35779.0,0.0,0.0,-4401.0,57464.0,1406.0,248790.0,36895.0,29503.0,18327.0,-17670.0,-4401.0,0.0,0.0,9088.0,-26516.0,5429000.0
1393356,2009,,,,,,,,,,,134959.0,,,,,,,,,,,,,,,,,,,,,,,,,,,,,,,,,,,,,,,,,,,,,,,,,,,,,,,,,,,,,,,,,,,,,,,,,,,,,,,,,,,,,,
