cik,reporting_for,AssetManagementCosts,Assets,AssetsFairValueDisclosure,CashAndCashEquivalentsAtCarryingValue,Deposits,DerivativeGainLossOnDerivativeNet,DueFromCorrespondentBrokers,DueFromRelatedParties,FeesAndCommissions,FloorBrokerageExchangeAndClearanceFees,GeneralAndAdministrativeExpense,GeneralPartnersCapitalAccount,InterestIncomeOperating,InvestmentIncomeNet,Liabilities,LiabilitiesAndStockholdersEquity,LiabilitiesFairValueDisclosure,MarginDepositAssets,MarketingExpense,MoneyMarketFundsAtCarryingValue,NetIncomeLoss,OperatingExpenses,OtherAccruedLiabilitiesCurrentAndNoncurrent,PartnersCapital,PrepaidExpenseCurrent,ProfessionalFees,SalesCommissionsAndFees,StockIssuedDuringPeriodValueNewIssues,StockRedeemedOrCalledDuringPeriodValue,TemporaryEquityForeignCurrencyTranslationAdjustments,TradingSecuritiesEquity,StockholdersEquity
1409834,2012,211959.0,5126251.0,3496756.0,3564407.0,417416.0,-465081.0,1733762.0,11011.0,58001.0,334272.0,68063.0,1508.0,5639.0,-718093.0,731189.0,5126251.0,-714138.0,781836.0,0.0,2965547.0,-1183174.0,723732.0,48182.0,4395062.0,0.0,109438.0,0.0,549521.0,-7594077.0,1958.0,1550833.0,
1409834,2013,80725.0,2133407.0,1705543.0,1842293.0,0.0,-165460.0,373093.0,972.0,,118149.0,25800.0,1293.0,839.0,-358200.0,188083.0,2133407.0,-272261.0,96206.0,1312.0,1516655.0,-523660.0,359039.0,12134.0,1945324.0,422.0,125891.0,4322.0,11869.0,-1937947.0,487.0,289720.0,
1409834,2011,1258720.0,22428558.0,21848355.0,19308817.0,259741.0,-4729013.0,3639659.0,18779.0,493448.0,2738495.0,217187.0,1718.0,11531.0,-4375932.0,9805766.0,22428558.0,-6626818.0,1726592.0,,15760234.0,-9104945.0,4387463.0,67138.0,12622792.0,,173061.0,,4849462.0,-27208805.0,87529.0,3100962.0,12622792.0
1409834,2010,1383669.0,45809209.0,,24203397.0,,10186034.0,18208550.0,62876.0,,2745921.0,186639.0,100000.0,34020.0,-4426361.0,1722129.0,45809209.0,,4927385.0,,,5759673.0,4460381.0,57813.0,44087080.0,,144152.0,,4181122.0,-8787986.0,,21542936.0,44087080.0
1409834,2009,,,,,,,,,,,,,,,,,,,,,,,,,,,,,,,,42934271.0
