cik,reporting_for,AccountsPayableAndAccruedLiabilitiesCurrent,AccountsPayableAndOtherAccruedLiabilities,AccountsReceivableNetCurrent,AdditionalPaidInCapital,Assets,Cash,CashAndCashEquivalentsAtCarryingValue,CashAndCashEquivalentsPeriodIncreaseDecrease,CommonStockParOrStatedValuePerShare,CommonStockSharesAuthorized,CommonStockSharesIssued,CommonStockSharesOutstanding,CommonStockValue,CostOfRevenue,DeferredTaxAssetsCapitalLossCarryforwards,DeferredTaxAssetsNet,DeferredTaxAssetsOperatingLossCarryforwards,DeferredTaxAssetsValuationAllowance,DevelopmentStageEnterpriseDeficitAccumulatedDuringDevelopmentStage,DueToRelatedPartiesCurrent,EarningsPerShareBasicAndDiluted,GeneralAndAdministrativeExpense,GrossProfit,ImpairmentOfIntangibleAssetsFinitelived,IncreaseDecreaseInAccountsAndOtherReceivables,IncreaseDecreaseInAccountsPayableAndAccruedLiabilities,IncreaseDecreaseInAccountsPayableRelatedParties,IncreaseDecreaseInPrepaidExpense,InterestExpense,LiabilitiesAndStockholdersEquity,LiabilitiesCurrent,LicenseCosts,LoansPayableCurrent,NetCashProvidedByUsedInFinancingActivities,NetCashProvidedByUsedInInvestingActivities,NetCashProvidedByUsedInOperatingActivities,NetIncomeLoss,NotesPayable,OperatingExpenses,OperatingIncomeLoss,OperatingLossCarryforwardsValuationAllowance,OtherExpenses,OtherNotesPayable,PaymentsToAcquireIntangibleAssets,PreferredStockParOrStatedValuePerShare,PreferredStockSharesAuthorized,PreferredStockSharesIssued,PreferredStockSharesOutstanding,PreferredStockValue,PrepaidExpenseCurrent,ProceedsFromIssuanceOfPreferredStockAndPreferenceStock,ProceedsFromNotesPayable,ProceedsFromUnsecuredNotesPayable,RepaymentsOfNotesPayable,RepaymentsOfRelatedPartyDebt,Revenues,ShareBasedCompensation,StockIssuedDuringPeriodSharesAcquisitions,StockholdersEquity,WeightedAverageNumberOfShareOutstandingBasicAndDiluted,AccretionAmortizationOfDiscountsAndPremiumsInvestments,AccretionExpenseIncludingAssetRetirementObligations,CapitalUnitsNetAmount,CommonStockIssuedEmployeeStockTrust,CommonStockOtherValueOutstanding,CommonStockSharesHeldInEmployeeTrust,CommonStocksIncludingAdditionalPaidInCapital,ConvertibleNotesPayable,DerivativeLiabilities,EffectiveIncomeTaxRateContinuingOperations,InterestPaid,ProceedsFromConvertibleDebt,UnrealizedGainLossOnDerivatives,UnrealizedGainLossOnDerivativesAndCommodityContracts,WeightedAverageNumberOfSharesContingentlyIssuable,DebtInstrumentDecreaseForgiveness,DueToOfficersOrStockholdersCurrentAndNoncurrent,GainsLossesOnExtinguishmentOfDebt,IncreaseDecreaseInDueToOfficersAndStockholders,OtherLoansPayableCurrent,ProceedsFromSaleOfIntangibleAssets,AccruedLiabilitiesForCommissionsExpenseAndTaxes,AssetsCurrent,CurrentIncomeTaxExpenseBenefit,DeferredFederalIncomeTaxExpenseBenefit,FederalIncomeTaxExpenseBenefitContinuingOperations,IncomeTaxesPaid,IncreaseDecreaseInAccruedLiabilities,ProceedsFromIssuanceOfCommonStock,ProceedsFromIssuanceOrSaleOfEquity,ProfessionalFees,ProfitLoss,ValuationAllowanceDeferredTaxAssetChangeInAmount,IncomeLossFromContinuingOperations
1422059,2015,64170.0,159965.0,13712.0,2264081.0,40468.0,15540.0,15540.0,15540.0,0.001,500000000.0,44807673.0,44433333.0,44433.0,25000.0,175842.0,0.0,517000.0,175842.0,2907481.0,153887.0,-0.06,372226.0,14878.0,2150000.0,-13712.0,56278.0,9965.0,11216.0,8127.0,40468.0,638835.0,200000.0,125000.0,269700.0,-50000.0,-204160.0,-6589045.0,289700.0,2522226.0,-2507348.0,517181.0,8127.0,5000.0,50000.0,0.001,100000000.0,599859.0,599859.0,600.0,11216.0,2100000.0,264700.0,25000.0,20000.0,20000.0,39878.0,120000.0,351142.0,-6836279.0,44433333.0,,,,,,,,,,,,,,,,,,,,,,,,,,,,,,,,,,
1422059,2016,210505.0,378677.0,24075.0,2614848.0,26835.0,1760.0,1760.0,-13780.0,0.001,500000000.0,44807673.0,44433333.0,44808.0,214840.0,435453.0,0.0,1280745.0,435453.0,,,-0.15,751550.0,61743.0,,-10362.0,146334.0,218712.0,-10216.0,74350.0,26835.0,6863114.0,,,122026.0,,-135806.0,-6589054.0,289700.0,6571550.0,-6509807.0,,79247.0,44036.0,,0.001,100000000.0,599859.0,599859.0,600.0,1000.0,,,40303.0,4267.0,,129070.0,231142.0,,-6836279.0,44670654.0,-31125.0,31125.0,24438333.0,66667.0,15000.0,39683.0,24438333.0,15000.0,89071.0,0.34,2313.0,82990.0,26228.0,-26228.0,162016.0,,,,,,,,,,,,,,,,,,,
1422059,2014,7892.0,150000.0,,75814.0,,,,,0.001,500000000.0,133300000.0,133300000.0,133300.0,,51580.0,0.0,151706.0,51580.0,392006.0,150000.0,0.0,25615.0,,150000.0,,1671.0,23444.0,-500.0,,,182892.0,,,23444.0,,-23444.0,-2515475.0,,175615.0,175615.0,,,25000.0,,0.001,100000000.0,0.0,,,,,,,,,,,2000000.0,-598367.0,133300000.0,,,,,,,,,,0.34,,,,,,75814.0,77370.0,75814.0,23444.0,25000.0,150000.0,,,,,,,,,,,,,
1422059,2013,6221.0,,,40850.0,500.0,0.0,0.0,0.0,0.001,500000000.0,133300000.0,,133300.0,,42872.0,0.0,126091.0,42872.0,216391.0,77370.0,0.0,17543.0,,,,-6340.0,,-500.0,,500.0,83591.0,,,24383.0,,-24383.0,-17543.0,,17543.0,-17543.0,,,,,0.001,100000000.0,0.0,,0.0,500.0,,,,,,0.0,,,-182892.0,133300000.0,,,,,,,,,,0.34,0.0,,,,,,77370.0,,24383.0,,,6221.0,500.0,0.0,0.0,5965.0,0.0,-6340.0,43000.0,0.0,17543.0,-17543.0,-5965.0,
1422059,2012,,,,40850.0,0.0,0.0,0.0,0.0,0.001,90000000.0,2150000.0,,2150.0,,36907.0,0.0,108548.0,-36907.0,108548.0,,-0.01,,,,,,,0.0,,0.0,65548.0,,,12295.0,,-12295.0,-17543.0,,20933.0,-20933.0,,,,,0.001,10000000.0,0.0,,0.0,0.0,,,,,,0.0,,,-65548.0,2150000.0,,,,,,,,,,0.34,0.0,,,,,,52987.0,,12295.0,,,12561.0,,0.0,0.0,7117.0,0.0,8638.0,,0.0,20933.0,-20933.0,-7117.0,
1422059,2011,,,,40850.0,0.0,0.0,0.0,0.0,0.001,90000000.0,2150000.0,,2150.0,,29790.0,0.0,,29790.0,87615.0,,-0.01,,,,,,,,,0.0,44615.0,,,14692.0,,-14692.0,-15234.0,,15234.0,-15234.0,,,,,0.001,10000000.0,0.0,,0.0,,,,,,,0.0,,,-65548.0,,,,,,,,,,,,0.0,,,,,,40692.0,,14692.0,,,3923.0,,0.0,0.0,5180.0,0.0,542.0,,0.0,15234.0,-15234.0,5180.0,-15234.0
1422059,2010,,,,40850.0,0.0,0.0,0.0,0.0,0.001,90000000.0,2150000.0,,2150.0,,,,,,-72381.0,,-0.01,,,,,,,,,0.0,29381.0,,,10000.0,,-10000.0,-13381.0,,13381.0,-13381.0,,,,,0.001,10000000.0,,,0.0,,,,,,,0.0,,,-29381.0,,,,,,,,,,,,0.0,,,,,,26000.0,,10000.0,,,3381.0,,0.0,,,0.0,3381.0,,0.0,13381.0,-13381.0,,-13381.0
1422059,2007,,,,,,0.0,,,,,,,,,,,,,,,,,,,,,,,,,,,,,,,-4000.0,,,,,,,,,,,,,,,,,,,,,,39000.0,,,,,,,,,,,,,,,,,,,,,,,,,,,,,,43000.0,,,,,
1422059,2009,,,,,,0.0,,,,,,,,,,,,,,,,,,,,,,,,,,,,,,,-10000.0,,,,,,,,,,,,,,,,,,,,,,-16000.0,,,,,,,,,,,,,,,,,,,,,,,,,,,,,,,,,,,
1422059,2008,,,,,,,,,,,,,,,,,,,,,,,,,,,,,,,,,,,,,-45000.0,,,,,,,,,,,,,,,,,,,,,,-6000.0,,,,,,,,,,,,,,,,,,,,,,,,,,,,,,,,,,,
