cik,reporting_for,AccountsPayableAndAccruedLiabilitiesCurrent,AccumulatedOtherComprehensiveIncomeLossNetOfTax,AdditionalPaidInCapital,AdjustmentForAmortization,AllowanceForDoubtfulAccountsReceivable,AllowanceForLoanAndLeaseLossRecoveryOfBadDebts,AllowanceForLoanAndLeaseLossesRecoveriesOfBadDebts,Assets,AssetsCurrent,AssetsNoncurrent,BankLoans,CashAndCashEquivalentsAtCarryingValue,CashAndCashEquivalentsPeriodIncreaseDecrease,CommonStockParOrStatedValuePerShare,CommonStockSharesAuthorized,CommonStockSharesIssued,CommonStockSharesOutstanding,CommonStockValue,ConstructionInProgressGross,ContributionsFromNoncontrollingInterests,CostOfGoodsSold,CustomerDepositsCurrent,DeferredRevenueCurrent,Depreciation,DepreciationAndAmortization,DueFromRelatedPartiesCurrent,DueToRelatedPartiesCurrent,EarningsPerShareBasic,EarningsPerShareDiluted,EffectOfExchangeRateOnCashAndCashEquivalents,ForeignCurrencyTransactionGainLossUnrealized,FranchiseRevenue,GainLossOnSaleOfPropertyPlantEquipment,GeneralAndAdministrativeExpense,GrossProfit,IncomeLossFromContinuingOperationsBeforeIncomeTaxesExtraordinaryItemsNoncontrollingInterest,IncomeTaxExpenseBenefit,IncomeTaxesPaid,IncreaseDecreaseInAccountsAndNotesReceivable,IncreaseDecreaseInAccountsPayableAndAccruedLiabilities,IncreaseDecreaseInAccountsReceivable,IncreaseDecreaseInAccountsReceivableRelatedParties,IncreaseDecreaseInAccruedLiabilities,IncreaseDecreaseInCustomerDeposits,IncreaseDecreaseInInventories,IncreaseDecreaseInOtherAccountsPayable,IncreaseDecreaseInOtherReceivables,IncreaseDecreaseInPrepaidDeferredExpenseAndOtherAssets,InterestExpense,InterestIncomeOther,InterestPaid,InventoryNet,Liabilities,LiabilitiesAndStockholdersEquity,LiabilitiesCurrent,NetCashProvidedByUsedInFinancingActivities,NetCashProvidedByUsedInInvestingActivities,NetCashProvidedByUsedInOperatingActivities,NetIncomeLoss,NotesAndLoansReceivableNetCurrent,NotesAndLoansReceivableNetNoncurrent,OperatingExpenses,OperatingIncomeLoss,OtherComprehensiveIncomeLossTax,OtherExpenses,OtherIncome,OtherIntangibleAssetsNet,OtherLiabilitiesCurrent,OtherNonoperatingIncomeExpense,OtherReceivablesNetCurrent,PaymentsForConstructionInProcess,PaymentsToAcquirePropertyPlantAndEquipment,PreferredStockParOrStatedValuePerShare,PreferredStockSharesAuthorized,PreferredStockSharesIssued,PreferredStockSharesOutstanding,ProceedsFromRelatedPartyDebt,ProceedsFromSaleOfIntangibleAssets,ProceedsFromSaleOfPropertyPlantAndEquipment,PropertyPlantAndEquipmentNet,ProvisionForDoubtfulAccounts,ReceivablesNetCurrent,RetainedEarningsAccumulatedDeficit,Revenues,SellingExpense,StatutoryAccountingPracticesStatutoryCapitalAndSurplusBalance,StockholdersEquity,TaxesPayableCurrent,WeightedAverageNumberDilutedSharesOutstandingAdjustment,WeightedAverageNumberOfSharesIssuedBasic,DiscontinuedOperationAmountOfAdjustmentToPriorPeriodGainLossOnDisposalNetOfTax,IncreaseDecreaseInPrepaidExpense,InterestExpenseOther,NonoperatingGainsLosses,PrepaidExpenseAndOtherAssets,ProceedsFromMinorityShareholders,SecurityDeposit,IncreaseDecreaseInRestrictedCash,PaymentsToAcquireIntangibleAssets,PreferredStockValue
1440770,2012,224884.0,4391004.0,15341710.0,631802.0,362016.0,-1109500.0,3323745.0,59940697.0,22066546.0,37874151.0,1605000.0,9465.0,-162373.0,0.0001,150000000.0,16775113.0,16775113.0,1678.0,8196005.0,9630.0,53480360.0,430833.0,430833.0,73783.0,705585.0,642000.0,964156.0,-0.07,-0.07,13200.0,1044003.0,34256697.0,1048.0,2969909.0,4602537.0,-1101054.0,288.0,288.0,5211651.0,-1385656.0,9051037.0,642000.0,-14148.0,425465.0,868626.0,-1371508.0,882614.0,-10767133.0,-107132.0,107132.0,94059.0,956779.0,6737021.0,59940697.0,6737021.0,1904771.0,2493891.0,-4574235.0,-1101341.0,17532739.0,13954191.0,6524216.0,-1921679.0,57338.0,203865.0,917359.0,15381250.0,3512045.0,820626.0,593850.0,2349662.0,-119778.0,0.0001,50000000.0,0.0,0.0,952141.0,4722000.0,121553.0,342705.0,1467519.0,2331713.0,29609970.0,58082897.0,2086788.0,3849684.0,53194046.0,103.0,16775113.0,16775113.0,,,,,,,,,,
1440770,2013,203316.0,5186625.0,15341710.0,,,1144820.0,,17868906.0,17778701.0,90205.0,,26269.0,16804.0,0.0001,150000000.0,16775113.0,16775113.0,1678.0,,,24162435.0,,,,294081.0,,,-2.17,-2.17,274220.0,795621.0,20968736.0,271256.0,2197117.0,2049466.0,,,103.0,-203988.0,-143240.0,,,,,-6436004.0,,,10099912.0,,480109.0,165783.0,5449341.0,257460.0,17868906.0,257460.0,-1936786.0,-2123.0,1681493.0,-36378221.0,7432827.0,,7336920.0,-5287454.0,35582600.0,1325.0,2383.0,,54144.0,-31090759.0,3544942.0,,2123.0,0.0001,50000000.0,0.0,0.0,642000.0,,,57890.0,1756405.0,1099118.0,-6768251.0,26211901.0,2953662.0,3849684.0,17611446.0,,16775113.0,16775113.0,-8.0,-226204.0,165783.0,-271256.0,226204.0,-9630.0,32315.0,,,
1440770,2011,237482.0,3347001.0,15341710.0,1161901.0,2198376.0,,-6603000.0,58295145.0,22883796.0,35411349.0,,171838.0,-1054263.0,0.0001,150000000.0,16775113.0,16775113.0,1678.0,5704347.0,,88523429.0,,,11467.0,,,,0.96,0.92,78610.0,1581337.0,47221802.0,,2523208.0,15691974.0,16131625.0,1255.0,1255.0,-15763004.0,,-863925.0,-65255.0,-2810485.0,-1690319.0,-350384.0,992514.0,11138440.0,,12122.0,,,1804870.0,5043760.0,58295145.0,5043760.0,2902172.0,-5388620.0,1353575.0,16130370.0,6722052.0,13464311.0,-453910.0,16145884.0,-17711707.0,2137.0,,15711584.0,4806278.0,-14259.0,4753480.0,5617368.0,490838.0,0.0001,50000000.0,0.0,0.0,2836917.0,1590004.0,,531107.0,-6603000.0,9431556.0,30602014.0,104215403.0,3625882.0,3958981.0,53251385.0,,17589677.0,16775113.0,,,,,,,,-77500.0,947918.0,0.0
1440770,2010,,,,,,,,,,,,1226101.0,,,,,,,,,,,,,,,,,,,,,,,,,,,,,,,,,,,,,,,,,,,,,,,,,,,,,,,,,,,,,,,,,,,,,,,,,,,35539678.0,,,,,,,,,,,,,
