cik,reporting_for,AccruedLiabilitiesCurrent,AdditionalPaidInCapital,Assets,CashAndCashEquivalentsAtCarryingValue,CashAndCashEquivalentsPeriodIncreaseDecrease,CashFDICInsuredAmount,CommonStockParOrStatedValuePerShare,CommonStockSharesAuthorized,CommonStockSharesIssued,CommonStockSharesOutstanding,CommonStockValue,DeferredTaxAssetsOperatingLossCarryforwards,DeferredTaxAssetsValuationAllowance,DueToRelatedPartiesCurrent,DueToRelatedPartiesCurrentAndNoncurrent,EarningsPerShareBasic,EarningsPerShareDiluted,EffectiveIncomeTaxRateReconciliationChangeInDeferredTaxAssetsValuationAllowance,EffectiveIncomeTaxRateReconciliationOtherReconcilingItemsPercent,GeneralAndAdministrativeExpense,IncomeLossFromContinuingOperationsBeforeIncomeTaxesMinorityInterestAndIncomeLossFromEquityMethodInvestments,IncomeLossFromEquityMethodInvestments,IncomeTaxReconciliationChangeInDeferredTaxAssetsValuationAllowance,IncomeTaxReconciliationIncomeTaxExpenseBenefitAtFederalStatutoryIncomeTaxRate,IncreaseDecreaseInAccruedLiabilities,Liabilities,LiabilitiesAndStockholdersEquity,NetCashProvidedByUsedInFinancingActivities,NetCashProvidedByUsedInOperatingActivities,NetIncomeLoss,OperatingIncomeLoss,OtherNonoperatingExpense,ProceedsFromRelatedPartyDebt,RetainedEarningsAccumulatedDeficit,StockIssuedDuringPeriodValueShareBasedCompensationForfeited,StockholdersEquity,WeightedAverageNumberDilutedSharesOutstandingAdjustment,WeightedAverageNumberOfDilutedSharesOutstanding,WeightedAverageNumberOfSharesOutstandingBasic,OtherComprehensiveIncomeLossForeignCurrencyTransactionAndTranslationAdjustmentNetOfTax,ProceedsFromIssuanceOfCommonStock,StockIssuedDuringPeriodSharesNewIssues,AdditionalPaidInCapitalCommonStock,ComprehensiveIncomeNetOfTaxIncludingPortionAttributableToNoncontrollingInterest,DeferredRevenue,GainsLossesOnSalesOfAssets,IncreaseDecreaseInNotesPayableRelatedPartiesCurrent,OtherComprehensiveIncomeUnrealizedGainLossOnDerivativesArisingDuringPeriodBeforeTax,OtherNonoperatingIncome,ProceedsFromCollectionOfAdvanceToAffiliate,SharesIssued,SharesIssuedPricePerShare,StockholdersEquityPeriodIncreaseDecrease,WeightedAverageNumberOfShareOutstandingBasicAndDiluted
1619870,2016,3481.0,95455637.0,241949.0,241949.0,211782.0,250000.0,0.001,150000000.0,288079.0,288079.0,288.0,32633667.0,32633667.0,410200.0,410200.0,-496.65,-496.65,1.0,0.34,171722.0,-95595347.0,-95423625.0,32502418.0,-32502418.0,3481.0,413681.0,241949.0,380023.0,-168241.0,-95595347.0,-171722.0,95423625.0,380023.0,-95627657.0,-25300.0,-171732.0,150000000.0,192480.0,192480.0,,,,,,,,,,,,,,,
1619870,2017,,95865837.0,15150.0,15150.0,-226799.0,250000.0,0.001,150000000.0,100288079.0,100288079.0,288.0,,,10400.0,,-0.08,-0.08,1.0,0.34,353718.0,-353718.0,,120264.0,-120264.0,-3481.0,10400.0,15150.0,130400.0,-357199.0,-353718.0,-353718.0,,10400.0,-95627657.0,,4750.0,150000000.0,4420310.0,4420310.0,410200.0,120000.0,100000000.0,,,,,,,,,,,,
1619870,2015,,22770.0,30167.0,30167.0,23104.0,250000.0,0.001,75000000.0,9530000.0,9530000.0,9530.0,32513403.0,32513403.0,30177.0,,0.0,0.0,,,50438.0,-31831.0,,10823.0,-10823.0,,30177.0,30167.0,54935.0,-31831.0,-31831.0,-50438.0,,29635.0,-32310.0,,-10.0,,8446023.0,8446023.0,,25300.0,,50000000.0,-31831.0,4990.0,9990.0,29635.0,18607.0,18607.0,8542.0,2530000.0,0.01,25300.0,8446023.0
1619870,2014,,,7063.0,7063.0,7063.0,,0.001,75000000.0,7000000.0,7000000.0,7000.0,,,542.0,,,,,,479.0,,,,,,542.0,7063.0,7000.0,63.0,-479.0,-479.0,,,-479.0,,6521.0,,,,,7000.0,,,-479.0,,,542.0,,,,2000000.0,0.001,7000.0,7000000.0
