cik,reporting_for,AccountsReceivableNetCurrent,AccruedLiabilitiesCurrent,AccumulatedDepreciationDepletionAndAmortizationPropertyPlantAndEquipmentPeriodIncreaseDecrease,AccumulatedOtherComprehensiveIncomeLossNetOfTax,AdditionalPaidInCapital,AmortizationAndDepreciationOfDecontaminatingAndDecommissioningAssets,AssetsCurrent,Cash,CashAndCashEquivalentsAtCarryingValue,CashAndCashEquivalentsPeriodIncreaseDecrease,CommonStockParOrStatedValuePerShare,CommonStockSharesAuthorized,CommonStockSharesIssued,CommonStockSharesOutstanding,CommonStockValue,Depreciation,DueFromRelatedParties,DueToRelatedPartiesCurrent,EarningsPerShareBasic,EarningsPerShareBasicAndDiluted,EffectOfExchangeRateOnCashAndCashEquivalents,ForeignCurrencyTransactionGainLossBeforeTax,GeneralAndAdministrativeExpense,GoodwillForeignCurrencyTranslationGainLoss,IncomeLossFromContinuingOperationsBeforeIncomeTaxesExtraordinaryItemsNoncontrollingInterest,IncreaseDecreaseInAccountsAndNotesReceivable,IncreaseDecreaseInAccountsPayableAndAccruedLiabilities,IncreaseDecreaseInAccruedLiabilities,IncreaseDecreaseInContractReceivablesNet,IncreaseDecreaseInInterestAndDividendsReceivable,IncreaseDecreaseInPrepaidExpense,InvestmentsInAndAdvancesToAffiliatesAtFairValuePeriodIncreaseDecrease,Liabilities,LiabilitiesAndStockholdersEquity,LiabilitiesCurrent,LoansAndLeasesReceivableRelatedPartiesProceeds,NetCashProvidedByUsedInFinancingActivities,NetCashProvidedByUsedInOperatingActivities,NetIncomeLoss,OperatingCostsAndExpenses,OperatingExpenses,OtherComprehensiveIncomeForeignCurrencyTransactionAndTranslationGainLossArisingDuringPeriodNetOfTax,OtherComprehensiveIncomeLossNetOfTax,OtherIncome,PreferredStockParOrStatedValuePerShare,PreferredStockSharesAuthorized,PreferredStockSharesIssued,PreferredStockSharesOutstanding,PrepaidExpenseAndOtherAssets,PrepaidExpenseCurrent,ProceedsFromRepaymentsOfRelatedPartyDebt,ProfitLoss,ReceivablesNetCurrent,RetainedEarningsAccumulatedDeficit,Revenues,StockholdersEquity,StockholdersEquityIncludingPortionAttributableToNoncontrollingInterest,WeightedAverageNumberOfShareOutstandingBasicAndDiluted,WeightedAverageNumberOfSharesOutstandingBasic,FinancingInterestExpense,FiniteLivedIntangibleAssetsNet,IncomeLossFromContinuingOperationsBeforeIncomeTaxesDomestic,IncomeTaxExpenseBenefit,OtherAssetsNoncurrent,GainLossOnDispositionOfAssets,IncreaseDecreaseInAccountsPayableRelatedParties,IncreaseDecreaseInNotesPayableRelatedParties,NetCashProvidedByUsedInInvestingActivities,OtherComprehensiveIncomeLossForeignCurrencyTranslationAdjustmentTax,ProceedsFromContributedCapital,ProceedsFromPartnershipContribution,ProceedsFromSaleOfProductiveAssets,ShareBasedCompensation,StockIssuedDuringPeriodSharesOther
1702015,2021,3600.0,2981.0,5426.0,-756.0,34714.0,6131.0,27119.0,23144.0,23144.0,-18415.0,0.0001,500000000.0,20000000.0,20000000.0,2000.0,5426.0,95089.0,95089.0,0.0,0.0,-3412.0,844.0,81494.0,844.0,12124.0,4400.0,526.0,526.0,4400.0,9946.0,244.0,-81301.0,98070.0,27119.0,98070.0,33632.0,-47669.0,32666.0,12124.0,81494.0,81494.0,844.0,12968.0,18864.0,0.0001,20000000.0,0.0,0.0,375.0,375.0,-81301.0,12968.0,3600.0,-106909.0,84700.0,-70951.0,-70951.0,20000000.0,20000000.0,,,,,,,,,,,,,,,
1702015,2022,3600.0,,,,42230.0,,49082.0,,45307.0,22163.0,0.0001,500000000.0,20000000.0,20000000.0,2000.0,,70794.0,,,0.0,,,66222.0,6710.0,,,,-2981.0,,7516.0,200.0,-26700.0,,49082.0,116166.0,8584.0,-18116.0,39748.0,-10359.0,66222.0,,6710.0,-3649.0,18679.0,0.0001,20000000.0,0.0,,,175.0,,,,-117268.0,44700.0,,-67084.0,20000000.0,,,,,,,,,,,,,,,,
1702015,2020,,2455.0,,-1600.0,24768.0,5425.0,50178.0,41559.0,41559.0,4827.0,0.0001,500000000.0,20000000.0,20000000.0,2000.0,5865.0,,146937.0,0.0,,-2443.0,-2443.0,128407.0,,-42792.0,,2533.0,,,,-619.0,,149392.0,55527.0,149392.0,,32121.0,-24851.0,-43445.0,,128407.0,,,,0.0001,20000000.0,0.0,0.0,619.0,,-23124.0,-45888.0,8000.0,-119033.0,96396.0,-93865.0,-93865.0,,20000000.0,10781.0,5349.0,-42792.0,653.0,5349.0,,,,,,,,,,
1702015,2019,,3490.0,,843.0,13987.0,,44775.0,36732.0,36732.0,24868.0,0.0001,500000000.0,20000000.0,20000000.0,2000.0,6757.0,,111248.0,0.0,,934.0,934.0,132573.0,,,-8043.0,2383.0,,,,,,114738.0,55980.0,114738.0,,59673.0,-35739.0,-44712.0,,132573.0,,,,0.0001,20000000.0,0.0,0.0,,,,-43778.0,8043.0,-75588.0,96342.0,-58758.0,,,20000000.0,7876.0,11205.0,-44107.0,605.0,11205.0,,,,,,,,,,
1702015,2018,,1107.0,,-91.0,6111.0,,11864.0,11864.0,11864.0,11864.0,0.0001,500000000.0,20000000.0,20000000.0,2000.0,2546.0,,51575.0,0.0,,91.0,-91.0,25520.0,,,,-2318.0,,,,,,,29826.0,52682.0,,51575.0,-19112.0,-25353.0,,25520.0,,,,0.0001,20000000.0,0.0,0.0,,,,-25444.0,,-30876.0,,-22856.0,,,20000000.0,1863.0,17962.0,-24292.0,1061.0,17962.0,-3091.0,-2318.0,51575.0,-20508.0,-91.0,6013.0,4150.0,20092.0,,
1702015,2017,,3425.0,,,98.0,,,,,,0.0001,500000000.0,20000000.0,20000000.0,2000.0,,,,0.0,,,,5523.0,,,,,,,,,,,,3425.0,,,,-5523.0,,5523.0,,,,0.0001,20000000.0,0.0,0.0,,,,-5523.0,,-5523.0,,-3425.0,,,20000000.0,,,-5523.0,,,,3425.0,,,,98.0,98.0,,2000.0,2000.0
