cik,reporting_for,AdditionalPaidInCapital,Assets,AssetsNet,CashAndCashEquivalentsAtCarryingValue,CommonStockNoParValue,CommonStockSharesOutstanding,GainLossOnInvestments,IncomeTaxExpenseBenefit,InvestmentCompanyGeneralPartnerAdvisoryService,InvestmentIncomeNet,InvestmentOwnedAtCost,InvestmentOwnedAtFairValue,InvestmentOwnedPercentOfNetAssets,InvestmentOwnedUnrecognizedUnrealizedAppreciation,Liabilities,ManagementFeePayable,NetAssetValuePerShare,NetIncomeLoss,NonInvestmentAssetsLessNonInvestmentLiabilities,NonInvestmentAssetsLessNonInvestmentLiabilitiesPercentOfNetAssets,OperatingExpenses,OtherAssets,OtherCostAndExpenseOperating,PartnersCapitalAccountExchangesAndConversions,PartnersCapitalAccountPeriodIncreaseDecrease,PartnersCapitalAccountUnits,PartnersCapitalAccountUnitsConverted,PartnersCapitalAccountUnitsPeriodIncreaseDecrease,RealizedInvestmentGainsLosses,RelatedPartyTransactionRate,StockIssuedDuringPeriodSharesNewIssues,StockIssuedDuringPeriodValueNewIssues,StockRepurchasedDuringPeriodShares,StockRepurchasedDuringPeriodValue,UnrealizedGainLossOnInvestments,UnrecognizedTaxBenefits,OtherOperatingIncome
1723788,2020,243255689.0,374762791.0,373240438.0,743486.0,0.0,15132240.0,156270077.0,0.0,1875116.0,-1877785.0,230356359.0,374017545.0,1.0021,143661186.0,1522353.0,779208.0,24.67,154392292.0,-777107.0,-0.0021,1877785.0,1760.0,2669.0,-9.0,197196559.0,15132240.0,3345611.0,14791453.0,-4492966.0,0.025,11546046.0,199474452.0,99931.0,2277884.0,160763043.0,0.0,
1723788,2021,427764344.0,976652128.0,974537662.0,18534761.0,0.0,20241947.0,439851644.0,0.0,23059156.0,-23063075.0,365043367.0,958115187.0,0.9832,593071820.0,2114466.0,2034342.0,48.14,416788569.0,,,23063075.0,2180.0,3919.0,,184508655.0,20241947.0,,5109707.0,-9558990.0,,5109707.0,184508655.0,,,449410634.0,0.0,
1723788,2018,,,12466897.0,,,,,,,,,,,,,,,,,,,,,,,290099.0,,,,,,,,,,,
1723788,2019,,,21651587.0,,,,6046999.0,,555041.0,-550685.0,,,,,,,,5496314.0,,,555073.0,,32.0,,3688376.0,340787.0,,50688.0,-3276792.0,,74584.0,5522177.0,23896.0,1833801.0,9323791.0,,753.0
