cik,reporting_for,AccountsAndNotesReceivableNet,AccountsPayableCurrent,AdditionalPaidInCapital,AdjustmentsToReconcileNetIncomeLossToCashProvidedByUsedInOperatingActivities,Assets,AssetsCurrent,CashAndCashEquivalentsAtCarryingValue,CashAndCashEquivalentsPeriodIncreaseDecrease,CommonStockParOrStatedValuePerShare,CommonStockSharesAuthorized,CommonStockSharesIssued,CommonStockSharesOutstanding,CommonStockValue,ConversionOfStockSharesConverted1,CostOfRevenue,CostsAndExpenses,DeferredCompensationShareBasedArrangementsLiabilityCurrent,DeferredTaxAssetsGross,DeferredTaxAssetsNet,DeferredTaxAssetsOther,DeferredTaxAssetsValuationAllowance,DueFromRelatedParties,DueToRelatedPartiesCurrent,EarningsPerShareBasicAndDiluted,GeneralAndAdministrativeExpense,GrossProfit,IncomeLossFromContinuingOperationsBeforeIncomeTaxesExtraordinaryItemsNoncontrollingInterest,IncomeLossFromContinuingOperationsBeforeIncomeTaxesMinorityInterestAndIncomeLossFromEquityMethodInvestments,IncomeLossFromContinuingOperationsPerBasicAndDilutedShare,IncomeLossFromDiscontinuedOperationsNetOfTax,IncomeTaxExpenseBenefit,IncreaseDecreaseInAccountsPayable,IncreaseDecreaseInAccountsReceivable,InsuranceRecoveries,InterestExpense,Liabilities,LiabilitiesAndStockholdersEquity,LiabilitiesCurrent,LiabilitiesNoncurrent,MarketingExpense,NetCashProvidedByUsedInFinancingActivities,NetCashProvidedByUsedInInvestingActivities,NetCashProvidedByUsedInOperatingActivities,NetIncomeLoss,NotesPayableCurrent,OfficersCompensation,OperatingExpenses,OtherExpenses,OtherGeneralExpense,OtherLaborRelatedExpenses,OtherNoncashExpense,PaymentsToAcquireSoftware,PreferredStockParOrStatedValuePerShare,PreferredStockSharesAuthorized,PreferredStockSharesIssued,PreferredStockSharesOutstanding,PreferredStockValue,PrepaidExpenseCurrent,ProceedsFromIssuanceOfCommonStock,ProceedsFromIssuanceOfPreferredStockAndPreferenceStock,ProfessionalFees,ProfitLoss,ReceivablesFromCustomers,RepaymentsOfNotesPayable,RepaymentsOfRelatedPartyDebt,ResearchAndDevelopmentExpense,RestructuringCharges,RetainedEarningsAccumulatedDeficit,Revenues,SellingAndMarketingExpense,StockIssuedDuringPeriodValueConversionOfConvertibleSecurities,StockIssuedDuringPeriodValueNewIssues,StockholdersEquity,WeightedAverageNumberOfShareOutstandingBasicAndDiluted,AssetImpairmentCharges,CommonStockCapitalSharesReservedForFutureIssuance,ConvertibleDebt,DueToRelatedPartiesCurrentAndNoncurrent,InterestPayableCurrent,LossContingencyDamagesSoughtValue,DebtInstrumentConvertibleBeneficialConversionFeature,StockRepurchasedAndRetiredDuringPeriodValue,StockIssuedDuringPeriodValueOther
1746563,2019,974617.0,1673501.0,1626589.0,-101741.0,6124894.0,6124894.0,70581.0,-513844.0,1e-05,1500000000.0,700836384.0,700836384.0,3995840.0,56000.0,10244236.0,8314435.0,0.0,5404935.0,0.0,0.0,5404935.0,0.0,40960.0,-0.00499,1791840.0,4816604.0,-3497831.0,-3367831.0,-0.00499,0.0,0.0,1192467.0,1294207.0,35870.0,334139.0,5907000.0,6124894.0,1673501.0,4233499.0,3065069.0,632339.0,2453389.0,-3599572.0,-3497831.0,4192539.0,130000.0,7980296.0,1408.0,15263.0,937970.0,334139.0,22922.0,1e-05,50000.0,34289.0,34289.0,400.0,9000.0,826800.0,0.0,612809.0,-3497831.0,325305.0,-629779.0,-2560.0,0.0,1948505.0,5404935.0,15060840.0,4109951.0,216150.0,826800.0,217894.0,700836384.0,,,,,,,,,
1746563,2020,669366.0,502299.0,1626589.0,4222079.0,709931.0,709931.0,40565.0,-30016.0,1e-05,1500000000.0,836260638.0,836260638.0,5065208.0,,6252339.0,5305376.0,0.0,10989604.0,0.0,0.0,10989604.0,,18372.0,-0.00668,1405884.0,3428205.0,-1877171.0,,-0.00224,-3707497.0,0.0,-1051963.0,-2261592.0,37020.0,374623.0,5007338.0,709931.0,510632.0,4496705.0,,263206.0,1069368.0,-1362590.0,-5584669.0,4188991.0,142400.0,4930753.0,2871.0,7775.0,890541.0,,67661.0,1e-05,50000.0,34289.0,34289.0,400.0,0.0,1069368.0,,346269.0,-5584669.0,20054.0,,,0.0,1891757.0,10989604.0,9680543.0,1490713.0,174777.0,1069368.0,-4297407.0,836260638.0,3012449.0,28000000.0,8333.0,3012449.0,289342.0,34825.0,,,
1746563,2018,119274.0,469820.0,0.0,-2879492.0,5214529.0,5214529.0,584425.0,329854.0,0.0,1000000000.0,569920485.0,569920485.0,3169040.0,,16624328.0,8716799.0,0.0,2037105.0,0.0,0.0,-2037105.0,0.0,38400.0,0.0004,811420.0,8959433.0,,242634.0,,,0.0,198841.0,-3078333.0,,10560.0,4082194.0,5214529.0,469820.0,3612374.0,,1711376.0,1255336.0,-2636858.0,242634.0,3573974.0,,8706239.0,,,,10560.0,,0.0,50000.0,39839.0,39839.0,400.0,220902.0,2718467.0,0.0,,,119274.0,-1918350.0,206974.0,0.0,,-2037105.0,25583761.0,7894819.0,284650.0,2718467.0,1262336.0,569364712.0,,,,,,,825000.0,-2323469.0,
1746563,2017,,,,,,,254571.0,,,,,,,,,,,,,,,,,,,,,,,,,,,,,,,,,,,,,301603.0,,,,,,,,,,,,,,,,,,,,,,,,,,,246000.0,,-1828766.0,,,,,,,,,,53935.0
1746563,2016,,,,,,,,,,,,,,,,,,,,,,,,,,,,,,,,,,,,,,,,,,,,,,,,,,,,,,,,,,,,,,,,,,,,,,,,,-53935.0,,,,,,,,,,
