cik,reporting_for,AccruedLiabilitiesCurrentAndNoncurrent,AssetManagementCosts,AssetManagementFees1,Assets,AssetsFairValueDisclosure,CashAndCashEquivalentsAtCarryingValue,DerivativeAssetFairValueGrossLiability,DerivativeFairValueOfDerivativeAsset,DerivativeFairValueOfDerivativeAssetAmountNotOffsetAgainstCollateral,DerivativeFairValueOfDerivativeLiability,DerivativeGainLossOnDerivativeNet,DerivativeLiabilityFairValueGrossAsset,DueFromCorrespondentBrokers,DueFromJointVentures,DueFromRelatedParties,DueToOfficersOrStockholdersCurrent,DueToRelatedPartiesCurrent,EmployeeRelatedLiabilitiesCurrent,FloorBrokerageExchangeAndClearanceFees,ForeignCurrencyTransactionGainLossRealized,GeneralAndAdministrativeExpense,GeneralPartnersCapitalAccount,IncentiveFeeExpense,InterestIncomeOperating,InvestmentIncomeNet,Liabilities,LiabilitiesAndStockholdersEquity,LiabilitiesFairValueDisclosure,MarginDepositAssets,MoneyMarketFundsAtCarryingValue,NetIncomeLoss,NetIncomeLossPerOutstandingLimitedPartnershipAndGeneralPartnershipUnitBasicAndDiluted,NoninterestExpenseRelatedToPerformanceFees,OperatingExpenses,PartnersCapital,PartnersCapitalAccountContributions,PartnersCapitalAccountRedemptions,ProfessionalFees,StockholdersEquity,TradingSecuritiesEquity,FeesAndCommissionsTransferAgent,ProfitLoss,InterestReceivable
794775,2013,51370.0,271904.0,130824.0,11978326.0,10208373.0,9905623.0,-224068.0,434166.0,210098.0,-224068.0,499733.0,224068.0,1845048.0,17557.0,17557.0,22741.0,19980.0,0.0,551526.0,3559.0,85225.0,1760.0,362310.0,7099.0,-1394650.0,1515687.0,11978326.0,-224068.0,708949.0,9774207.0,-894917.0,-448.03,362310.0,1401749.0,10462639.0,668975.0,-4517204.0,130784.0,10462639.0,2055146.0,,,
794775,2014,46801.0,173710.0,89320.0,10252688.0,8254464.0,8073505.0,,,,,1974676.0,,1723176.0,9815.0,9815.0,253.0,,,337241.0,6518.0,66421.0,2006.0,29294.0,560.0,-777049.0,67054.0,10252688.0,-56431.0,591118.0,7751841.0,1197627.0,851.16,29294.0,777609.0,10185634.0,580488.0,-2055120.0,155396.0,10185634.0,2169368.0,-15547.0,,
794775,2012,68677.0,322399.0,,15387043.0,12745898.0,12357488.0,,,,,907911.0,,2807458.0,28963.0,0.0,23546.0,19980.0,19980.0,663889.0,8688.0,117406.0,1875.0,,18102.0,-1464977.0,181258.0,15387043.0,-307145.0,1405704.0,12216656.0,-557066.0,-239.99,230711.0,1483079.0,15205785.0,502487.0,-3119835.0,148674.0,15205785.0,3029555.0,,,
794775,2011,90104.0,455793.0,,18787524.0,13771473.0,15096807.0,,,,,982835.0,,3502773.0,9840.0,9840.0,24963.0,,,848694.0,4940.0,187231.0,1937.0,,9660.0,-1767295.0,407325.0,18787524.0,-195027.0,1115232.0,13398342.0,-784460.0,-232.79,148545.0,1776955.0,18380199.0,359994.0,-11049735.0,136692.0,18380199.0,3680877.0,,-784460.0,
794775,2010,88705.0,991802.0,,32149751.0,,17411836.0,,,,,-952738.0,,13275165.0,,205403.0,61112.0,,,2195749.0,,303016.0,100000.0,,49014.0,-3700616.0,2295351.0,32149751.0,,1542223.0,,-4653354.0,-502.12,60299.0,3749630.0,29854400.0,2917111.0,-33799619.0,198764.0,29854400.0,14531801.0,,-4653354.0,711.0
794775,2009,,,,,,,,,,,,,,,,,,,,,,,,,,,,,,,,,,,65390262.0,,,,,,,,
