cik,reporting_for,AccountsPayableCurrent,AssetManagementCosts,AssetManagementFees,Assets,CashAndCashEquivalentsAtCarryingValue,CashPeriodIncreaseDecrease,DueToRelatedPartiesCurrentAndNoncurrent,GainLossOnSaleOfBusiness,GainLossOnSaleOfProperties,GeneralPartnersCapitalAccount,IncomeTaxesPaidNet,IncreaseDecreaseInAccountsPayable,IncreaseDecreaseInDueFromAffiliatesCurrent,IncreaseDecreaseInDueToRelatedParties,IncreaseDecreaseInOtherOperatingAssets,InvestmentIncomeInterest,Investments,Liabilities,LiabilitiesAndStockholdersEquity,LimitedPartnersCapitalAccount,LimitedPartnersCapitalAccountUnitsAuthorized,LimitedPartnersCapitalAccountUnitsIssued,LimitedPartnersCapitalAccountUnitsOutstanding,NetCashProvidedByUsedInInvestingActivities,NetCashProvidedByUsedInOperatingActivities,NetIncomeLoss,NetIncomeLossAllocatedToGeneralPartners,NetIncomeLossAllocatedToLimitedPartners,NetIncomeLossPerOutstandingLimitedPartnershipAndGeneralPartnershipUnitBasic,OperatingExpenses,OperatingIncomeLoss,OtherAssetImpairmentCharges,OtherAssets,OtherCostAndExpenseOperating,OtherOperatingIncome,PartnersCapital,ProceedsFromSaleOfEquityMethodInvestments,ProfessionalFees,ProvisionForDoubtfulAccounts,RevenueFromRelatedParties,Revenues,WeightedAverageLimitedPartnershipUnitsOutstanding,PartnersCapitalAccountContributions
875278,2011,0.0,2978.0,-267577.0,175900.0,57638.0,-52566.0,4699059.0,-141206.0,141206.0,-13968.0,800.0,0.0,-1028.0,293081.0,-127056.0,18.0,0.0,4699059.0,175900.0,-4509191.0,15000.0,15000.0,15000.0,150000.0,-202566.0,-226357.0,-2264.0,-224093.0,14.94,428509.0,-367581.0,0.0,118262.0,7049.0,40894.0,-4523159.0,150000.0,90744.0,60161.0,20034.0,60928.0,15000.0,
875278,2012,5746.0,19766.0,-135875.0,122962.0,122452.0,64814.0,4322533.0,-556813.0,556813.0,34580.0,800.0,5746.0,0.0,-330698.0,-38635.0,55.0,0.0,4328279.0,122962.0,-4239897.0,15000.0,15000.0,15000.0,682815.0,-618001.0,272014.0,2720.0,269294.0,17.95,312833.0,-284854.0,30385.0,510.0,16414.0,5965.0,-4205317.0,682815.0,81469.0,13504.0,22014.0,27979.0,15000.0,45828.0
875278,2010,,333.0,-296396.0,,110204.0,93443.0,,-54250.0,54250.0,,800.0,0.0,1028.0,396390.0,0.0,8.0,,,,,,,,54250.0,39193.0,-303975.0,-3040.0,-300935.0,20.06,433857.0,-358233.0,0.0,,8299.0,39342.0,-4296802.0,54250.0,79097.0,49732.0,36282.0,75624.0,15000.0,72511.0
875278,2009,,,,,16761.0,,,,,,,,,,,,,,,,,,,,,,,,,,,,,,,-4065338.0,,,,,,,
