cik,reporting_for,AccruedLiabilitiesCurrent,AccumulatedAmortizationDeferredFinanceCosts,AmortizationOfDeferredLeasingFees,AmortizationOfFinancingCosts,AssetImpairmentCharges,Assets,CashAndCashEquivalentsAtCarryingValue,CashAndCashEquivalentsPeriodIncreaseDecrease,CashAndDueFromBanks,CostsAndExpenses,CumulativeEffectOnRetainedEarningsBeforeTax1,DeferredCosts,DeferredCostsLeasingAccumulatedAmortization,DeferredCostsLeasingNet,DeferredFinanceCostsNet,DeferredOfferingCosts,Depreciation,DividendIncomeOperating,DueFromRelatedParties,EntityNotSubjectToIncomeTaxesDifferenceInBasesAmount,IncomeLossFromContinuingOperationsPerOutstandingLimitedPartnershipAndGeneralPartnershipUnitBasicAndDiluted,IncreaseDecreaseInAccruedLiabilities,IncreaseDecreaseInDeferredCharges,IncreaseDecreaseInDueToOtherRelatedParties,IncreaseDecreaseInDueToRelatedParties,IncreaseDecreaseInInterestPayableNet,InterestAndDividendIncomeOperating,InterestExpenseDebt,InterestPaid,InterestPayableCurrent,Land,Liabilities,LongTermDebtFairValue,MembersEquity,MembersOrLimitedPartnersSubsequentDistributionAmount,NetCashProvidedByUsedInFinancingActivities,NetCashProvidedByUsedInInvestingActivities,NetCashProvidedByUsedInOperatingActivities,NetIncomeLoss,NotesPayableRelatedPartiesCurrentAndNoncurrent,OfferingCostsPartnershipInterests,OperatingLeasesIncomeStatementContingentRevenue,OperatingLeasesIncomeStatementLeaseRevenue,OperatingLeasesIncomeStatementMinimumLeaseRevenue,OtherGeneralExpense,OtherReceivables,PartnersCapitalAccountDistributions,PaymentsForCapitalImprovements,PaymentsOfCapitalDistribution,PaymentsOfDistributionsToAffiliates,PercentageRent,PrepaidInsurance,ProfessionalFees,ProfitLoss,RealEstateAccumulatedDepreciation,RealEstateAccumulatedDepreciationOtherAdditions,RealEstateAndAccumulatedDepreciationAmountOfEncumbrances,RealEstateAndAccumulatedDepreciationCostsCapitalizedSubsequentToAcquisitionImprovements,RealEstateAndAccumulatedDepreciationInitialCostOfBuildingsAndImprovements,RealEstateAndAccumulatedDepreciationInitialCostOfLand,RealEstateCostOfRealEstateSold,RealEstateGrossAtCarryingValue,RealEstateInvestmentPropertyNet,RealEstateOtherAdditions,RelatedPartyCosts,RelatedPartyTransactionAmountsOfTransaction,RentalProperties,RepaymentsOfNotesPayable,Revenues,SecuredDebt,TenantImprovements,USGovernmentSecuritiesAtCarryingValue,AccruedLiabilitiesCurrentAndNoncurrent,CapitalLeasesFutureMinimumPaymentsDue,CapitalLeasesFutureMinimumPaymentsDueCurrent,CapitalLeasesFutureMinimumPaymentsDueInFiveYears,CapitalLeasesFutureMinimumPaymentsDueInFourYears,CapitalLeasesFutureMinimumPaymentsDueInThreeYears,CapitalLeasesFutureMinimumPaymentsDueInTwoYears,CapitalLeasesFutureMinimumPaymentsDueThereafter,CashFDICInsuredAmount,DebtInstrumentFaceAmount,IncreaseDecreaseInPrepaidExpense,LeasingCommissionsExpense,LitigationSettlementExpense,LongTermDebtMaturitiesRepaymentsOfPrincipalInNextTwelveMonths,LongTermDebtMaturitiesRepaymentsOfPrincipalInYearTwo,PartnersCapitalAccountReturnOfCapital,ProceedsFromIssuanceInitialPublicOffering,ProceedsFromPaymentsForOtherFinancingActivities,PaymentsOfFinancingCosts,InvestmentBuildingAndBuildingImprovements
90794,2011,422996.0,1825231.0,301053.0,363618.0,0.0,80757078.0,10466377.0,-1088957.0,6285.0,9331560.0,455301.0,1684758.0,1444673.0,1066705.0,1048401.0,1323191.0,2555093.0,1064.0,87202.0,7362800.0,3262.0,184796.0,1323191.0,879173.0,3265.0,-10340.0,1064.0,5562805.0,5209527.0,428479.0,7240000.0,94053838.0,96658956.0,-13296760.0,1046420.0,-4611157.0,-3037857.0,6560057.0,2283399.0,720066.0,228603.0,3085983.0,11613895.0,7474112.0,9269.0,3357.0,1495.0,3037857.0,1046420.0,7380.0,1053800.0,0.0,350103.0,-1495.0,32107921.0,1574135.0,91478304.0,78308199.0,16960000.0,7240000.0,1574135.0,98508199.0,66400278.0,2675841.0,190646.0,87000.0,16960000.0,2241546.0,11614959.0,91478304.0,5793417.0,10460092.0,,,,,,,,,,,,,,,,,,,,
90794,2012,4415.0,2188848.0,525334.0,363617.0,0.0,76852983.0,2095727.0,-8370650.0,243776.0,10498552.0,30593.0,3310685.0,1749117.0,3043218.0,684783.0,1625927.0,2870097.0,,87202.0,8625000.0,5338.0,-768836.0,1795613.0,35991.0,-81265.0,-10933.0,663.0,5434903.0,5082218.0,417546.0,7240000.0,90342394.0,93764586.0,-13489411.0,3929358.0,-8090469.0,-4433282.0,4153101.0,3736707.0,21951.0,290042.0,5706265.0,14234596.0,7474531.0,61109.0,0.0,5613.0,4433282.0,3929358.0,327707.0,1053800.0,15764.0,827735.0,-5338.0,33403883.0,,89109449.0,76819488.0,16960000.0,7240000.0,,101019488.0,67615604.0,4085424.0,515552.0,87000.0,,2368855.0,14235259.0,89109449.0,,1851951.0,78263624.0,14160000.0,7480000.0,24000.0,24000.0,24000.0,6230000.0,378000.0,250000.0,100000000.0,15764.0,2501847.0,55000000.0,2503464.0,86605985.0,275.0,600000000.0,3357.0,,
90794,2010,238200.0,1461613.0,443897.0,363618.0,,81159477.0,11555334.0,-5167867.0,,8520746.0,,454277.0,2742063.0,1367758.0,1412019.0,,2153311.0,1878.0,87202.0,,,237500.0,,,,-9779.0,,5683772.0,5329934.0,438819.0,7240000.0,95600506.0,,-14533739.0,,-3628025.0,-4914343.0,3374501.0,64399.0,,,,,,,3357.0,,4914343.0,,,,,,,29552828.0,,,,,,,95832358.0,66279530.0,,109380.0,,16960000.0,,8585145.0,93719850.0,5598316.0,11520657.0,,,,,,,,,,,,,,,,,,,2831.0,
90794,2009,,,,,,,16723201.0,,,,,,,,,,,,,,,,,,,,,,,,,,,,,,,,,,,,,,,,,,,,,,,,,,,,,,,,,,,,,,,,,,,,,,,,,,,,,,,,,,,,,
90794,1999,,,,,,,,,,,,,,,,,,,,,,,,,,,,,,,,,,,,,,,,,,,,,,,,,,,,,,,,,,,,,,,,,,,,,,,,,,,,,,,,,,,,,,,,,,,,22800000.0
90794,2000,,,,,,,,,,,,,,,,,,,,,,,,,,,,,,,,,,,,,,,,,,,,,,,,,,,,,,,,,,,,,,,,,,,,,,,,,,,,,,,,,,,,,,,,,,,,28000000.0
