cik,reporting_for,AccruedLiabilitiesCurrentAndNoncurrent,AssetManagementCosts,Assets,BusinessAcquisitionCostOfAcquiredEntityTransactionCosts,CashAndCashEquivalentsAtCarryingValue,CashAndCashEquivalentsPeriodIncreaseDecrease,DistributionFees,DueToRelatedPartiesCurrentAndNoncurrent,EquityMethodInvestmentRealizedGainLossOnDisposal,GainLossOnSaleOfBusiness,GeneralPartnersCapitalAccount,GrossProfit,IncomeTaxesPaidNet,IncreaseDecreaseInAccruedLiabilities,IncreaseDecreaseInDueToRelatedParties,IncreaseDecreaseInOtherOperatingAssets,InterestIncomeSecuritiesTaxable,InvestmentIncomeInterest,Liabilities,LiabilitiesAndStockholdersEquity,LimitedPartnersCapitalAccount,LimitedPartnersCapitalAccountUnitsAuthorized,LimitedPartnersCapitalAccountUnitsIssued,LimitedPartnersCapitalAccountUnitsOutstanding,ManagementFeePayable,MembersEquity,NetCashProvidedByUsedInInvestingActivities,NetCashProvidedByUsedInOperatingActivities,NetIncomeLoss,NetIncomeLossAllocatedToGeneralPartners,NetIncomeLossAllocatedToLimitedPartners,NetIncomeLossPerOutstandingLimitedPartnershipAndGeneralPartnershipUnitBasicAndDiluted,NetIncomeLossPerOutstandingLimitedPartnershipUnitBasicNetOfTax,OperatingExpenses,OperatingIncomeLoss,OtherAssetImpairmentCharges,OtherCostAndExpenseOperating,PartnersCapital,PartnersCapitalAccountPublicSaleOfUnits,PartnersCapitalAccountUnitsAcquisitions,PartnersCapitalAccountUnitsSaleOfUnits,ProceedsFromSaleOfEquityMethodInvestments,ProfessionalFees,RevenueFromRelatedParties,Revenues,WeightedAverageLimitedPartnershipUnitsOutstanding,WeightedAverageNumberOfLimitedPartnershipAndGeneralPartnershipUnitOutstandingBasicAndDiluted,CashEquivalentsAtCarryingValue,IncomeLossFromContinuingOperationsBeforeInterestExpenseInterestIncomeIncomeTaxesExtraordinaryItemsNoncontrollingInterestsNet,NetCashProvidedByUsedInFinancingActivities,OtherAssets,PartnersCapitalAccountReturnOfCapital,PartnersCapitalAccountUnitsSoldInPublicOffering,LimitedLiabilityCompanyLLCOrLimitedPartnershipLPMembersOrLimitedPartnersOwnershipInterest,CostsAndExpenses,DepreciationDepletionAndAmortization,IncomeLossFromEquityMethodInvestments,IncomeTaxesPaid,InterestExpense,InvestmentIncomeNet,InvestmentsInAffiliatesSubsidiariesAssociatesAndJointVentures,OperatingCostsAndExpenses,PartnersCapitalAccountContributions,PaymentsForAdvanceToAffiliate,ProvisionForDoubtfulAccounts,StockIssued1
913497,2013,166.0,31130.0,94108.0,169103.0,94108.0,49444.0,15000.0,219748.0,0.0,447130.0,165085.0,21767.0,0.0,166.0,-60056.0,-2360.0,25000.0,21.0,219914.0,94108.0,-290891.0,20000.0,15593.0,15593.0,219602.0,2516000.0,225765.0,-176321.0,-8000.0,3283.0,-8000.0,20.85,-1.0,8000.0,-8000.0,6950.0,11652.0,-125806.0,15241000.0,2.0,15600.0,225765.0,90847.0,6767.0,0.0,15593.0,15593.0,,,,,,,,,,,,,,,,,,,
913497,2014,,17104.0,94637.0,,40557.0,-53551.0,0.0,292423.0,0.0,0.0,164365.0,2000.0,0.0,-166.0,72675.0,54080.0,,15.0,292423.0,94637.0,-362151.0,20000.0,15588.0,15588.0,235247.0,2224000.0,0.0,-53551.0,-24000.0,-720.0,-24000.0,,-2.0,-24000.0,-24000.0,,11136.0,-197786.0,15241000.0,,20000.0,0.0,45755.0,2000.0,0.0,15588.0,,0.0,25000.0,0.0,54080.0,0.0,15600.0,,,,,,,,,,,,,
913497,2015,,17284.0,66615.0,169103.0,12559.0,-27998.0,0.0,377996.0,0.0,0.0,163229.0,2000.0,800.0,0.0,85573.0,-24.0,,2.0,377996.0,66615.0,-474610.0,20000.0,15558.0,15558.0,252531.0,2210000.0,0.0,-27998.0,-5000.0,-1136.0,-5000.0,,0.0,5000.0,-5000.0,,20600.0,-311381.0,,,,0.0,23633.0,2000.0,0.0,15558.0,,,,0.0,54056.0,0.0,,0.99,,,,,,,,,,,,
913497,2016,,9866.0,244660.0,,242810.0,230251.0,,51973.0,0.0,623345.0,87199.0,2000.0,800.0,0.0,-326023.0,-52206.0,,48.0,51973.0,244660.0,105488.0,20000.0,15543.0,15543.0,14187.0,1723000.0,623345.0,-311204.0,-5000.0,5860.0,-5000.0,,-1.0,5000.0,-5000.0,,5469.0,192687.0,,,,623345.0,24100.0,2000.0,0.0,15543.0,,,,-81890.0,1850.0,-81890.0,,0.99,,,,,,,,,,,,
913497,2012,,42900.0,78773.0,,44664.0,2414.0,31688.0,532918.0,109000.0,,161802.0,34538.0,800.0,,-5586.0,-52425.0,,13.0,532918.0,78773.0,-615947.0,20000.0,15600.0,15600.0,531596.0,396000.0,155411.0,-152997.0,115000.0,421.0,114000.0,2.67,7.0,9000.0,6000.0,,16616.0,-454145.0,,14.0,,155411.0,70021.0,2850.0,15000.0,15600.0,15600.0,,,,34109.0,,,,1417000.0,325000.0,0.0,800.0,228000.0,13.0,0.0,864000.0,165000.0,0.0,0.0,165000.0
913497,2011,,42900.0,42284.0,,42250.0,22522.0,,703504.0,44000.0,,-3619.0,33535.0,800.0,,18412.0,-397.0,,12.0,703504.0,42284.0,-657601.0,20000.0,15600.0,15600.0,,,25000.0,-2478.0,7000.0,41.0,7000.0,0.26,-1.0,57000.0,-37000.0,,5395.0,-661220.0,,,,25000.0,5745.0,8199.0,20000.0,,15600.0,,,,34.0,,,,4169000.0,984000.0,0.0,800.0,447000.0,12.0,0.0,2738000.0,,0.0,0.0,0.0
913497,2010,,42900.0,,,19728.0,-11885.0,,,25000.0,,,,,,57033.0,0.0,,,,,,,,,,,,-11885.0,-5000.0,-689.0,-5000.0,-4.37,2.0,12000.0,-5000.0,,6388.0,-665364.0,,,,0.0,,4950.0,7000.0,,15600.0,,,,,,,,4803000.0,1090000.0,0.0,800.0,634000.0,11.0,,3079000.0,,20581.0,20581.0,0.0
913497,2009,,,,,31613.0,,,,,,,,,,,,,,,,,,,,,,,,,,,,,,,,,-596446.0,,,,,,,,,,,,,,,,,,,,,,,,,,,,
